WAFER_ID,CLASS,STEP_ID,EQP_ID
W0000,CLASS_02,STEP_000,EQP_02
W0000,CLASS_02,STEP_001,EQP_08
W0000,CLASS_02,STEP_002,EQP_08
W0000,CLASS_02,STEP_003,EQP_01
W0000,CLASS_02,STEP_004,EQP_02
W0000,CLASS_02,STEP_005,EQP_09
W0000,CLASS_02,STEP_006,EQP_08
W0000,CLASS_02,STEP_007,EQP_08
W0000,CLASS_02,STEP_008,EQP_07
W0000,CLASS_02,STEP_009,EQP_09
W0000,CLASS_02,STEP_010,EQP_07
W0000,CLASS_02,STEP_011,EQP_09
W0000,CLASS_02,STEP_012,EQP_03
W0000,CLASS_02,STEP_013,EQP_04
W0000,CLASS_02,STEP_014,EQP_05
W0000,CLASS_02,STEP_015,EQP_03
W0000,CLASS_02,STEP_016,EQP_09
W0000,CLASS_02,STEP_017,EQP_01
W0000,CLASS_02,STEP_018,EQP_03
W0000,CLASS_02,STEP_019,EQP_03
W0001,CLASS_09,STEP_000,EQP_07
W0001,CLASS_09,STEP_001,EQP_04
W0001,CLASS_09,STEP_002,EQP_08
W0001,CLASS_09,STEP_003,EQP_08
W0001,CLASS_09,STEP_004,EQP_03
W0001,CLASS_09,STEP_005,EQP_02
W0001,CLASS_09,STEP_006,EQP_01
W0001,CLASS_09,STEP_007,EQP_04
W0001,CLASS_09,STEP_008,EQP_04
W0001,CLASS_09,STEP_009,EQP_04
W0001,CLASS_09,STEP_010,EQP_02
W0001,CLASS_09,STEP_011,EQP_07
W0001,CLASS_09,STEP_012,EQP_08
W0001,CLASS_09,STEP_013,EQP_00
W0001,CLASS_09,STEP_014,EQP_06
W0001,CLASS_09,STEP_015,EQP_02
W0001,CLASS_09,STEP_016,EQP_05
W0001,CLASS_09,STEP_017,EQP_03
W0001,CLASS_09,STEP_018,EQP_06
W0001,CLASS_09,STEP_019,EQP_04
W0002,CLASS_05,STEP_000,EQP_06
W0002,CLASS_05,STEP_001,EQP_00
W0002,CLASS_05,STEP_002,EQP_00
W0002,CLASS_05,STEP_003,EQP_04
W0002,CLASS_05,STEP_004,EQP_00
W0002,CLASS_05,STEP_005,EQP_04
W0002,CLASS_05,STEP_006,EQP_08
W0002,CLASS_05,STEP_007,EQP_00
W0002,CLASS_05,STEP_008,EQP_01
W0002,CLASS_05,STEP_009,EQP_09
W0002,CLASS_05,STEP_010,EQP_03
W0002,CLASS_05,STEP_011,EQP_07
W0002,CLASS_05,STEP_012,EQP_06
W0002,CLASS_05,STEP_013,EQP_05
W0002,CLASS_05,STEP_014,EQP_07
W0002,CLASS_05,STEP_015,EQP_05
W0002,CLASS_05,STEP_016,EQP_05
W0002,CLASS_05,STEP_017,EQP_08
W0002,CLASS_05,STEP_018,EQP_01
W0002,CLASS_05,STEP_019,EQP_00
W0003,CLASS_04,STEP_000,EQP_01
W0003,CLASS_04,STEP_001,EQP_05
W0003,CLASS_04,STEP_002,EQP_06
W0003,CLASS_04,STEP_003,EQP_05
W0003,CLASS_04,STEP_004,EQP_06
W0003,CLASS_04,STEP_005,EQP_05
W0003,CLASS_04,STEP_006,EQP_01
W0003,CLASS_04,STEP_007,EQP_08
W0003,CLASS_04,STEP_008,EQP_09
W0003,CLASS_04,STEP_009,EQP_06
W0003,CLASS_04,STEP_010,EQP_09
W0003,CLASS_04,STEP_011,EQP_06
W0003,CLASS_04,STEP_012,EQP_07
W0003,CLASS_04,STEP_013,EQP_09
W0003,CLASS_04,STEP_014,EQP_08
W0003,CLASS_04,STEP_015,EQP_01
W0003,CLASS_04,STEP_016,EQP_06
W0003,CLASS_04,STEP_017,EQP_02
W0003,CLASS_04,STEP_018,EQP_03
W0003,CLASS_04,STEP_019,EQP_07
W0004,CLASS_05,STEP_000,EQP_07
W0004,CLASS_05,STEP_001,EQP_00
W0004,CLASS_05,STEP_002,EQP_07
W0004,CLASS_05,STEP_003,EQP_04
W0004,CLASS_05,STEP_004,EQP_08
W0004,CLASS_05,STEP_005,EQP_00
W0004,CLASS_05,STEP_006,EQP_09
W0004,CLASS_05,STEP_007,EQP_03
W0004,CLASS_05,STEP_008,EQP_05
W0004,CLASS_05,STEP_009,EQP_02
W0004,CLASS_05,STEP_010,EQP_06
W0004,CLASS_05,STEP_011,EQP_08
W0004,CLASS_05,STEP_012,EQP_03
W0004,CLASS_05,STEP_013,EQP_07
W0004,CLASS_05,STEP_014,EQP_08
W0004,CLASS_05,STEP_015,EQP_01
W0004,CLASS_05,STEP_016,EQP_07
W0004,CLASS_05,STEP_017,EQP_03
W0004,CLASS_05,STEP_018,EQP_08
W0004,CLASS_05,STEP_019,EQP_07
W0005,CLASS_09,STEP_000,EQP_08
W0005,CLASS_09,STEP_001,EQP_08
W0005,CLASS_09,STEP_002,EQP_06
W0005,CLASS_09,STEP_003,EQP_07
W0005,CLASS_09,STEP_004,EQP_08
W0005,CLASS_09,STEP_005,EQP_02
W0005,CLASS_09,STEP_006,EQP_04
W0005,CLASS_09,STEP_007,EQP_05
W0005,CLASS_09,STEP_008,EQP_02
W0005,CLASS_09,STEP_009,EQP_03
W0005,CLASS_09,STEP_010,EQP_02
W0005,CLASS_09,STEP_011,EQP_09
W0005,CLASS_09,STEP_012,EQP_07
W0005,CLASS_09,STEP_013,EQP_03
W0005,CLASS_09,STEP_014,EQP_07
W0005,CLASS_09,STEP_015,EQP_05
W0005,CLASS_09,STEP_016,EQP_01
W0005,CLASS_09,STEP_017,EQP_03
W0005,CLASS_09,STEP_018,EQP_00
W0005,CLASS_09,STEP_019,EQP_07
W0006,CLASS_05,STEP_000,EQP_08
W0006,CLASS_05,STEP_001,EQP_06
W0006,CLASS_05,STEP_002,EQP_04
W0006,CLASS_05,STEP_003,EQP_04
W0006,CLASS_05,STEP_004,EQP_05
W0006,CLASS_05,STEP_005,EQP_07
W0006,CLASS_05,STEP_006,EQP_01
W0006,CLASS_05,STEP_007,EQP_03
W0006,CLASS_05,STEP_008,EQP_00
W0006,CLASS_05,STEP_009,EQP_06
W0006,CLASS_05,STEP_010,EQP_04
W0006,CLASS_05,STEP_011,EQP_07
W0006,CLASS_05,STEP_012,EQP_04
W0006,CLASS_05,STEP_013,EQP_07
W0006,CLASS_05,STEP_014,EQP_00
W0006,CLASS_05,STEP_015,EQP_06
W0006,CLASS_05,STEP_016,EQP_09
W0006,CLASS_05,STEP_017,EQP_03
W0006,CLASS_05,STEP_018,EQP_01
W0006,CLASS_05,STEP_019,EQP_03
W0007,CLASS_03,STEP_000,EQP_03
W0007,CLASS_03,STEP_001,EQP_01
W0007,CLASS_03,STEP_002,EQP_03
W0007,CLASS_03,STEP_003,EQP_09
W0007,CLASS_03,STEP_004,EQP_00
W0007,CLASS_03,STEP_005,EQP_09
W0007,CLASS_03,STEP_006,EQP_04
W0007,CLASS_03,STEP_007,EQP_06
W0007,CLASS_03,STEP_008,EQP_00
W0007,CLASS_03,STEP_009,EQP_00
W0007,CLASS_03,STEP_010,EQP_06
W0007,CLASS_03,STEP_011,EQP_00
W0007,CLASS_03,STEP_012,EQP_07
W0007,CLASS_03,STEP_013,EQP_01
W0007,CLASS_03,STEP_014,EQP_02
W0007,CLASS_03,STEP_015,EQP_08
W0007,CLASS_03,STEP_016,EQP_08
W0007,CLASS_03,STEP_017,EQP_07
W0007,CLASS_03,STEP_018,EQP_09
W0007,CLASS_03,STEP_019,EQP_08
W0008,CLASS_08,STEP_000,EQP_09
W0008,CLASS_08,STEP_001,EQP_04
W0008,CLASS_08,STEP_002,EQP_00
W0008,CLASS_08,STEP_003,EQP_03
W0008,CLASS_08,STEP_004,EQP_00
W0008,CLASS_08,STEP_005,EQP_07
W0008,CLASS_08,STEP_006,EQP_09
W0008,CLASS_08,STEP_007,EQP_01
W0008,CLASS_08,STEP_008,EQP_03
W0008,CLASS_08,STEP_009,EQP_07
W0008,CLASS_08,STEP_010,EQP_09
W0008,CLASS_08,STEP_011,EQP_08
W0008,CLASS_08,STEP_012,EQP_02
W0008,CLASS_08,STEP_013,EQP_03
W0008,CLASS_08,STEP_014,EQP_06
W0008,CLASS_08,STEP_015,EQP_00
W0008,CLASS_08,STEP_016,EQP_02
W0008,CLASS_08,STEP_017,EQP_05
W0008,CLASS_08,STEP_018,EQP_09
W0008,CLASS_08,STEP_019,EQP_02
W0009,CLASS_08,STEP_000,EQP_01
W0009,CLASS_08,STEP_001,EQP_03
W0009,CLASS_08,STEP_002,EQP_08
W0009,CLASS_08,STEP_003,EQP_03
W0009,CLASS_08,STEP_004,EQP_08
W0009,CLASS_08,STEP_005,EQP_06
W0009,CLASS_08,STEP_006,EQP_07
W0009,CLASS_08,STEP_007,EQP_01
W0009,CLASS_08,STEP_008,EQP_03
W0009,CLASS_08,STEP_009,EQP_09
W0009,CLASS_08,STEP_010,EQP_01
W0009,CLASS_08,STEP_011,EQP_04
W0009,CLASS_08,STEP_012,EQP_09
W0009,CLASS_08,STEP_013,EQP_03
W0009,CLASS_08,STEP_014,EQP_08
W0009,CLASS_08,STEP_015,EQP_02
W0009,CLASS_08,STEP_016,EQP_00
W0009,CLASS_08,STEP_017,EQP_08
W0009,CLASS_08,STEP_018,EQP_02
W0009,CLASS_08,STEP_019,EQP_01
W0010,CLASS_07,STEP_000,EQP_09
W0010,CLASS_07,STEP_001,EQP_01
W0010,CLASS_07,STEP_002,EQP_05
W0010,CLASS_07,STEP_003,EQP_00
W0010,CLASS_07,STEP_004,EQP_08
W0010,CLASS_07,STEP_005,EQP_07
W0010,CLASS_07,STEP_006,EQP_06
W0010,CLASS_07,STEP_007,EQP_05
W0010,CLASS_07,STEP_008,EQP_03
W0010,CLASS_07,STEP_009,EQP_03
W0010,CLASS_07,STEP_010,EQP_03
W0010,CLASS_07,STEP_011,EQP_04
W0010,CLASS_07,STEP_012,EQP_05
W0010,CLASS_07,STEP_013,EQP_03
W0010,CLASS_07,STEP_014,EQP_09
W0010,CLASS_07,STEP_015,EQP_00
W0010,CLASS_07,STEP_016,EQP_05
W0010,CLASS_07,STEP_017,EQP_09
W0010,CLASS_07,STEP_018,EQP_07
W0010,CLASS_07,STEP_019,EQP_03
W0011,CLASS_05,STEP_000,EQP_08
W0011,CLASS_05,STEP_001,EQP_04
W0011,CLASS_05,STEP_002,EQP_00
W0011,CLASS_05,STEP_003,EQP_04
W0011,CLASS_05,STEP_004,EQP_06
W0011,CLASS_05,STEP_005,EQP_00
W0011,CLASS_05,STEP_006,EQP_07
W0011,CLASS_05,STEP_007,EQP_03
W0011,CLASS_05,STEP_008,EQP_07
W0011,CLASS_05,STEP_009,EQP_07
W0011,CLASS_05,STEP_010,EQP_09
W0011,CLASS_05,STEP_011,EQP_01
W0011,CLASS_05,STEP_012,EQP_08
W0011,CLASS_05,STEP_013,EQP_02
W0011,CLASS_05,STEP_014,EQP_01
W0011,CLASS_05,STEP_015,EQP_03
W0011,CLASS_05,STEP_016,EQP_08
W0011,CLASS_05,STEP_017,EQP_07
W0011,CLASS_05,STEP_018,EQP_08
W0011,CLASS_05,STEP_019,EQP_01
W0012,CLASS_05,STEP_000,EQP_08
W0012,CLASS_05,STEP_001,EQP_04
W0012,CLASS_05,STEP_002,EQP_06
W0012,CLASS_05,STEP_003,EQP_04
W0012,CLASS_05,STEP_004,EQP_04
W0012,CLASS_05,STEP_005,EQP_07
W0012,CLASS_05,STEP_006,EQP_08
W0012,CLASS_05,STEP_007,EQP_03
W0012,CLASS_05,STEP_008,EQP_06
W0012,CLASS_05,STEP_009,EQP_00
W0012,CLASS_05,STEP_010,EQP_04
W0012,CLASS_05,STEP_011,EQP_07
W0012,CLASS_05,STEP_012,EQP_08
W0012,CLASS_05,STEP_013,EQP_04
W0012,CLASS_05,STEP_014,EQP_08
W0012,CLASS_05,STEP_015,EQP_03
W0012,CLASS_05,STEP_016,EQP_01
W0012,CLASS_05,STEP_017,EQP_09
W0012,CLASS_05,STEP_018,EQP_07
W0012,CLASS_05,STEP_019,EQP_06
W0013,CLASS_07,STEP_000,EQP_06
W0013,CLASS_07,STEP_001,EQP_09
W0013,CLASS_07,STEP_002,EQP_03
W0013,CLASS_07,STEP_003,EQP_00
W0013,CLASS_07,STEP_004,EQP_06
W0013,CLASS_07,STEP_005,EQP_00
W0013,CLASS_07,STEP_006,EQP_01
W0013,CLASS_07,STEP_007,EQP_05
W0013,CLASS_07,STEP_008,EQP_01
W0013,CLASS_07,STEP_009,EQP_04
W0013,CLASS_07,STEP_010,EQP_02
W0013,CLASS_07,STEP_011,EQP_09
W0013,CLASS_07,STEP_012,EQP_06
W0013,CLASS_07,STEP_013,EQP_05
W0013,CLASS_07,STEP_014,EQP_07
W0013,CLASS_07,STEP_015,EQP_00
W0013,CLASS_07,STEP_016,EQP_06
W0013,CLASS_07,STEP_017,EQP_01
W0013,CLASS_07,STEP_018,EQP_01
W0013,CLASS_07,STEP_019,EQP_03
W0014,CLASS_02,STEP_000,EQP_00
W0014,CLASS_02,STEP_001,EQP_00
W0014,CLASS_02,STEP_002,EQP_04
W0014,CLASS_02,STEP_003,EQP_08
W0014,CLASS_02,STEP_004,EQP_04
W0014,CLASS_02,STEP_005,EQP_08
W0014,CLASS_02,STEP_006,EQP_05
W0014,CLASS_02,STEP_007,EQP_08
W0014,CLASS_02,STEP_008,EQP_01
W0014,CLASS_02,STEP_009,EQP_09
W0014,CLASS_02,STEP_010,EQP_07
W0014,CLASS_02,STEP_011,EQP_07
W0014,CLASS_02,STEP_012,EQP_06
W0014,CLASS_02,STEP_013,EQP_00
W0014,CLASS_02,STEP_014,EQP_06
W0014,CLASS_02,STEP_015,EQP_00
W0014,CLASS_02,STEP_016,EQP_06
W0014,CLASS_02,STEP_017,EQP_08
W0014,CLASS_02,STEP_018,EQP_05
W0014,CLASS_02,STEP_019,EQP_02
W0015,CLASS_07,STEP_000,EQP_05
W0015,CLASS_07,STEP_001,EQP_09
W0015,CLASS_07,STEP_002,EQP_06
W0015,CLASS_07,STEP_003,EQP_00
W0015,CLASS_07,STEP_004,EQP_09
W0015,CLASS_07,STEP_005,EQP_05
W0015,CLASS_07,STEP_006,EQP_06
W0015,CLASS_07,STEP_007,EQP_05
W0015,CLASS_07,STEP_008,EQP_07
W0015,CLASS_07,STEP_009,EQP_09
W0015,CLASS_07,STEP_010,EQP_00
W0015,CLASS_07,STEP_011,EQP_01
W0015,CLASS_07,STEP_012,EQP_04
W0015,CLASS_07,STEP_013,EQP_08
W0015,CLASS_07,STEP_014,EQP_05
W0015,CLASS_07,STEP_015,EQP_06
W0015,CLASS_07,STEP_016,EQP_04
W0015,CLASS_07,STEP_017,EQP_08
W0015,CLASS_07,STEP_018,EQP_09
W0015,CLASS_07,STEP_019,EQP_04
W0016,CLASS_06,STEP_000,EQP_05
W0016,CLASS_06,STEP_001,EQP_04
W0016,CLASS_06,STEP_002,EQP_00
W0016,CLASS_06,STEP_003,EQP_02
W0016,CLASS_06,STEP_004,EQP_01
W0016,CLASS_06,STEP_005,EQP_01
W0016,CLASS_06,STEP_006,EQP_04
W0016,CLASS_06,STEP_007,EQP_04
W0016,CLASS_06,STEP_008,EQP_05
W0016,CLASS_06,STEP_009,EQP_00
W0016,CLASS_06,STEP_010,EQP_02
W0016,CLASS_06,STEP_011,EQP_05
W0016,CLASS_06,STEP_012,EQP_00
W0016,CLASS_06,STEP_013,EQP_02
W0016,CLASS_06,STEP_014,EQP_03
W0016,CLASS_06,STEP_015,EQP_07
W0016,CLASS_06,STEP_016,EQP_00
W0016,CLASS_06,STEP_017,EQP_09
W0016,CLASS_06,STEP_018,EQP_01
W0016,CLASS_06,STEP_019,EQP_00
W0017,CLASS_03,STEP_000,EQP_08
W0017,CLASS_03,STEP_001,EQP_05
W0017,CLASS_03,STEP_002,EQP_02
W0017,CLASS_03,STEP_003,EQP_09
W0017,CLASS_03,STEP_004,EQP_06
W0017,CLASS_03,STEP_005,EQP_03
W0017,CLASS_03,STEP_006,EQP_01
W0017,CLASS_03,STEP_007,EQP_06
W0017,CLASS_03,STEP_008,EQP_01
W0017,CLASS_03,STEP_009,EQP_06
W0017,CLASS_03,STEP_010,EQP_07
W0017,CLASS_03,STEP_011,EQP_04
W0017,CLASS_03,STEP_012,EQP_08
W0017,CLASS_03,STEP_013,EQP_02
W0017,CLASS_03,STEP_014,EQP_00
W0017,CLASS_03,STEP_015,EQP_05
W0017,CLASS_03,STEP_016,EQP_03
W0017,CLASS_03,STEP_017,EQP_00
W0017,CLASS_03,STEP_018,EQP_05
W0017,CLASS_03,STEP_019,EQP_01
W0018,CLASS_02,STEP_000,EQP_04
W0018,CLASS_02,STEP_001,EQP_01
W0018,CLASS_02,STEP_002,EQP_00
W0018,CLASS_02,STEP_003,EQP_01
W0018,CLASS_02,STEP_004,EQP_01
W0018,CLASS_02,STEP_005,EQP_00
W0018,CLASS_02,STEP_006,EQP_08
W0018,CLASS_02,STEP_007,EQP_08
W0018,CLASS_02,STEP_008,EQP_01
W0018,CLASS_02,STEP_009,EQP_06
W0018,CLASS_02,STEP_010,EQP_02
W0018,CLASS_02,STEP_011,EQP_02
W0018,CLASS_02,STEP_012,EQP_06
W0018,CLASS_02,STEP_013,EQP_08
W0018,CLASS_02,STEP_014,EQP_09
W0018,CLASS_02,STEP_015,EQP_00
W0018,CLASS_02,STEP_016,EQP_00
W0018,CLASS_02,STEP_017,EQP_04
W0018,CLASS_02,STEP_018,EQP_03
W0018,CLASS_02,STEP_019,EQP_04
W0019,CLASS_08,STEP_000,EQP_04
W0019,CLASS_08,STEP_001,EQP_08
W0019,CLASS_08,STEP_002,EQP_00
W0019,CLASS_08,STEP_003,EQP_03
W0019,CLASS_08,STEP_004,EQP_09
W0019,CLASS_08,STEP_005,EQP_04
W0019,CLASS_08,STEP_006,EQP_06
W0019,CLASS_08,STEP_007,EQP_06
W0019,CLASS_08,STEP_008,EQP_02
W0019,CLASS_08,STEP_009,EQP_08
W0019,CLASS_08,STEP_010,EQP_08
W0019,CLASS_08,STEP_011,EQP_03
W0019,CLASS_08,STEP_012,EQP_07
W0019,CLASS_08,STEP_013,EQP_06
W0019,CLASS_08,STEP_014,EQP_08
W0019,CLASS_08,STEP_015,EQP_03
W0019,CLASS_08,STEP_016,EQP_04
W0019,CLASS_08,STEP_017,EQP_03
W0019,CLASS_08,STEP_018,EQP_07
W0019,CLASS_08,STEP_019,EQP_05
W0020,CLASS_03,STEP_000,EQP_05
W0020,CLASS_03,STEP_001,EQP_06
W0020,CLASS_03,STEP_002,EQP_00
W0020,CLASS_03,STEP_003,EQP_00
W0020,CLASS_03,STEP_004,EQP_02
W0020,CLASS_03,STEP_005,EQP_09
W0020,CLASS_03,STEP_006,EQP_07
W0020,CLASS_03,STEP_007,EQP_06
W0020,CLASS_03,STEP_008,EQP_02
W0020,CLASS_03,STEP_009,EQP_09
W0020,CLASS_03,STEP_010,EQP_00
W0020,CLASS_03,STEP_011,EQP_07
W0020,CLASS_03,STEP_012,EQP_04
W0020,CLASS_03,STEP_013,EQP_09
W0020,CLASS_03,STEP_014,EQP_06
W0020,CLASS_03,STEP_015,EQP_04
W0020,CLASS_03,STEP_016,EQP_07
W0020,CLASS_03,STEP_017,EQP_06
W0020,CLASS_03,STEP_018,EQP_01
W0020,CLASS_03,STEP_019,EQP_00
W0021,CLASS_01,STEP_000,EQP_05
W0021,CLASS_01,STEP_001,EQP_09
W0021,CLASS_01,STEP_002,EQP_00
W0021,CLASS_01,STEP_003,EQP_06
W0021,CLASS_01,STEP_004,EQP_03
W0021,CLASS_01,STEP_005,EQP_01
W0021,CLASS_01,STEP_006,EQP_05
W0021,CLASS_01,STEP_007,EQP_00
W0021,CLASS_01,STEP_008,EQP_07
W0021,CLASS_01,STEP_009,EQP_00
W0021,CLASS_01,STEP_010,EQP_00
W0021,CLASS_01,STEP_011,EQP_02
W0021,CLASS_01,STEP_012,EQP_05
W0021,CLASS_01,STEP_013,EQP_02
W0021,CLASS_01,STEP_014,EQP_07
W0021,CLASS_01,STEP_015,EQP_07
W0021,CLASS_01,STEP_016,EQP_05
W0021,CLASS_01,STEP_017,EQP_09
W0021,CLASS_01,STEP_018,EQP_09
W0021,CLASS_01,STEP_019,EQP_09
W0022,CLASS_08,STEP_000,EQP_05
W0022,CLASS_08,STEP_001,EQP_01
W0022,CLASS_08,STEP_002,EQP_07
W0022,CLASS_08,STEP_003,EQP_03
W0022,CLASS_08,STEP_004,EQP_03
W0022,CLASS_08,STEP_005,EQP_00
W0022,CLASS_08,STEP_006,EQP_06
W0022,CLASS_08,STEP_007,EQP_01
W0022,CLASS_08,STEP_008,EQP_03
W0022,CLASS_08,STEP_009,EQP_09
W0022,CLASS_08,STEP_010,EQP_06
W0022,CLASS_08,STEP_011,EQP_03
W0022,CLASS_08,STEP_012,EQP_04
W0022,CLASS_08,STEP_013,EQP_02
W0022,CLASS_08,STEP_014,EQP_02
W0022,CLASS_08,STEP_015,EQP_01
W0022,CLASS_08,STEP_016,EQP_05
W0022,CLASS_08,STEP_017,EQP_02
W0022,CLASS_08,STEP_018,EQP_04
W0022,CLASS_08,STEP_019,EQP_09
W0023,CLASS_01,STEP_000,EQP_00
W0023,CLASS_01,STEP_001,EQP_05
W0023,CLASS_01,STEP_002,EQP_05
W0023,CLASS_01,STEP_003,EQP_06
W0023,CLASS_01,STEP_004,EQP_02
W0023,CLASS_01,STEP_005,EQP_06
W0023,CLASS_01,STEP_006,EQP_05
W0023,CLASS_01,STEP_007,EQP_09
W0023,CLASS_01,STEP_008,EQP_09
W0023,CLASS_01,STEP_009,EQP_07
W0023,CLASS_01,STEP_010,EQP_09
W0023,CLASS_01,STEP_011,EQP_08
W0023,CLASS_01,STEP_012,EQP_07
W0023,CLASS_01,STEP_013,EQP_05
W0023,CLASS_01,STEP_014,EQP_00
W0023,CLASS_01,STEP_015,EQP_05
W0023,CLASS_01,STEP_016,EQP_05
W0023,CLASS_01,STEP_017,EQP_07
W0023,CLASS_01,STEP_018,EQP_04
W0023,CLASS_01,STEP_019,EQP_05
W0024,CLASS_03,STEP_000,EQP_08
W0024,CLASS_03,STEP_001,EQP_03
W0024,CLASS_03,STEP_002,EQP_09
W0024,CLASS_03,STEP_003,EQP_02
W0024,CLASS_03,STEP_004,EQP_07
W0024,CLASS_03,STEP_005,EQP_05
W0024,CLASS_03,STEP_006,EQP_06
W0024,CLASS_03,STEP_007,EQP_06
W0024,CLASS_03,STEP_008,EQP_06
W0024,CLASS_03,STEP_009,EQP_08
W0024,CLASS_03,STEP_010,EQP_04
W0024,CLASS_03,STEP_011,EQP_00
W0024,CLASS_03,STEP_012,EQP_04
W0024,CLASS_03,STEP_013,EQP_04
W0024,CLASS_03,STEP_014,EQP_09
W0024,CLASS_03,STEP_015,EQP_05
W0024,CLASS_03,STEP_016,EQP_04
W0024,CLASS_03,STEP_017,EQP_00
W0024,CLASS_03,STEP_018,EQP_02
W0024,CLASS_03,STEP_019,EQP_01
W0025,CLASS_01,STEP_000,EQP_08
W0025,CLASS_01,STEP_001,EQP_04
W0025,CLASS_01,STEP_002,EQP_06
W0025,CLASS_01,STEP_003,EQP_06
W0025,CLASS_01,STEP_004,EQP_08
W0025,CLASS_01,STEP_005,EQP_08
W0025,CLASS_01,STEP_006,EQP_07
W0025,CLASS_01,STEP_007,EQP_00
W0025,CLASS_01,STEP_008,EQP_04
W0025,CLASS_01,STEP_009,EQP_04
W0025,CLASS_01,STEP_010,EQP_01
W0025,CLASS_01,STEP_011,EQP_00
W0025,CLASS_01,STEP_012,EQP_06
W0025,CLASS_01,STEP_013,EQP_05
W0025,CLASS_01,STEP_014,EQP_03
W0025,CLASS_01,STEP_015,EQP_05
W0025,CLASS_01,STEP_016,EQP_01
W0025,CLASS_01,STEP_017,EQP_02
W0025,CLASS_01,STEP_018,EQP_04
W0025,CLASS_01,STEP_019,EQP_04
W0026,CLASS_06,STEP_000,EQP_08
W0026,CLASS_06,STEP_001,EQP_05
W0026,CLASS_06,STEP_002,EQP_01
W0026,CLASS_06,STEP_003,EQP_02
W0026,CLASS_06,STEP_004,EQP_04
W0026,CLASS_06,STEP_005,EQP_04
W0026,CLASS_06,STEP_006,EQP_05
W0026,CLASS_06,STEP_007,EQP_04
W0026,CLASS_06,STEP_008,EQP_00
W0026,CLASS_06,STEP_009,EQP_08
W0026,CLASS_06,STEP_010,EQP_09
W0026,CLASS_06,STEP_011,EQP_04
W0026,CLASS_06,STEP_012,EQP_05
W0026,CLASS_06,STEP_013,EQP_00
W0026,CLASS_06,STEP_014,EQP_08
W0026,CLASS_06,STEP_015,EQP_00
W0026,CLASS_06,STEP_016,EQP_04
W0026,CLASS_06,STEP_017,EQP_00
W0026,CLASS_06,STEP_018,EQP_01
W0026,CLASS_06,STEP_019,EQP_00
W0027,CLASS_08,STEP_000,EQP_07
W0027,CLASS_08,STEP_001,EQP_00
W0027,CLASS_08,STEP_002,EQP_07
W0027,CLASS_08,STEP_003,EQP_03
W0027,CLASS_08,STEP_004,EQP_07
W0027,CLASS_08,STEP_005,EQP_06
W0027,CLASS_08,STEP_006,EQP_00
W0027,CLASS_08,STEP_007,EQP_08
W0027,CLASS_08,STEP_008,EQP_02
W0027,CLASS_08,STEP_009,EQP_04
W0027,CLASS_08,STEP_010,EQP_09
W0027,CLASS_08,STEP_011,EQP_06
W0027,CLASS_08,STEP_012,EQP_06
W0027,CLASS_08,STEP_013,EQP_00
W0027,CLASS_08,STEP_014,EQP_07
W0027,CLASS_08,STEP_015,EQP_04
W0027,CLASS_08,STEP_016,EQP_02
W0027,CLASS_08,STEP_017,EQP_04
W0027,CLASS_08,STEP_018,EQP_06
W0027,CLASS_08,STEP_019,EQP_05
W0028,CLASS_07,STEP_000,EQP_04
W0028,CLASS_07,STEP_001,EQP_03
W0028,CLASS_07,STEP_002,EQP_05
W0028,CLASS_07,STEP_003,EQP_09
W0028,CLASS_07,STEP_004,EQP_01
W0028,CLASS_07,STEP_005,EQP_08
W0028,CLASS_07,STEP_006,EQP_07
W0028,CLASS_07,STEP_007,EQP_05
W0028,CLASS_07,STEP_008,EQP_08
W0028,CLASS_07,STEP_009,EQP_05
W0028,CLASS_07,STEP_010,EQP_05
W0028,CLASS_07,STEP_011,EQP_01
W0028,CLASS_07,STEP_012,EQP_07
W0028,CLASS_07,STEP_013,EQP_04
W0028,CLASS_07,STEP_014,EQP_09
W0028,CLASS_07,STEP_015,EQP_02
W0028,CLASS_07,STEP_016,EQP_00
W0028,CLASS_07,STEP_017,EQP_00
W0028,CLASS_07,STEP_018,EQP_07
W0028,CLASS_07,STEP_019,EQP_01
W0029,CLASS_02,STEP_000,EQP_09
W0029,CLASS_02,STEP_001,EQP_00
W0029,CLASS_02,STEP_002,EQP_09
W0029,CLASS_02,STEP_003,EQP_02
W0029,CLASS_02,STEP_004,EQP_09
W0029,CLASS_02,STEP_005,EQP_09
W0029,CLASS_02,STEP_006,EQP_02
W0029,CLASS_02,STEP_007,EQP_05
W0029,CLASS_02,STEP_008,EQP_00
W0029,CLASS_02,STEP_009,EQP_09
W0029,CLASS_02,STEP_010,EQP_03
W0029,CLASS_02,STEP_011,EQP_04
W0029,CLASS_02,STEP_012,EQP_03
W0029,CLASS_02,STEP_013,EQP_07
W0029,CLASS_02,STEP_014,EQP_09
W0029,CLASS_02,STEP_015,EQP_00
W0029,CLASS_02,STEP_016,EQP_01
W0029,CLASS_02,STEP_017,EQP_05
W0029,CLASS_02,STEP_018,EQP_09
W0029,CLASS_02,STEP_019,EQP_02
W0030,CLASS_08,STEP_000,EQP_03
W0030,CLASS_08,STEP_001,EQP_01
W0030,CLASS_08,STEP_002,EQP_06
W0030,CLASS_08,STEP_003,EQP_00
W0030,CLASS_08,STEP_004,EQP_04
W0030,CLASS_08,STEP_005,EQP_04
W0030,CLASS_08,STEP_006,EQP_09
W0030,CLASS_08,STEP_007,EQP_01
W0030,CLASS_08,STEP_008,EQP_05
W0030,CLASS_08,STEP_009,EQP_03
W0030,CLASS_08,STEP_010,EQP_08
W0030,CLASS_08,STEP_011,EQP_03
W0030,CLASS_08,STEP_012,EQP_03
W0030,CLASS_08,STEP_013,EQP_00
W0030,CLASS_08,STEP_014,EQP_06
W0030,CLASS_08,STEP_015,EQP_07
W0030,CLASS_08,STEP_016,EQP_05
W0030,CLASS_08,STEP_017,EQP_00
W0030,CLASS_08,STEP_018,EQP_00
W0030,CLASS_08,STEP_019,EQP_00
W0031,CLASS_07,STEP_000,EQP_00
W0031,CLASS_07,STEP_001,EQP_03
W0031,CLASS_07,STEP_002,EQP_05
W0031,CLASS_07,STEP_003,EQP_00
W0031,CLASS_07,STEP_004,EQP_01
W0031,CLASS_07,STEP_005,EQP_03
W0031,CLASS_07,STEP_006,EQP_03
W0031,CLASS_07,STEP_007,EQP_05
W0031,CLASS_07,STEP_008,EQP_07
W0031,CLASS_07,STEP_009,EQP_02
W0031,CLASS_07,STEP_010,EQP_06
W0031,CLASS_07,STEP_011,EQP_05
W0031,CLASS_07,STEP_012,EQP_02
W0031,CLASS_07,STEP_013,EQP_02
W0031,CLASS_07,STEP_014,EQP_06
W0031,CLASS_07,STEP_015,EQP_05
W0031,CLASS_07,STEP_016,EQP_07
W0031,CLASS_07,STEP_017,EQP_09
W0031,CLASS_07,STEP_018,EQP_05
W0031,CLASS_07,STEP_019,EQP_08
W0032,CLASS_04,STEP_000,EQP_09
W0032,CLASS_04,STEP_001,EQP_00
W0032,CLASS_04,STEP_002,EQP_03
W0032,CLASS_04,STEP_003,EQP_05
W0032,CLASS_04,STEP_004,EQP_09
W0032,CLASS_04,STEP_005,EQP_01
W0032,CLASS_04,STEP_006,EQP_02
W0032,CLASS_04,STEP_007,EQP_02
W0032,CLASS_04,STEP_008,EQP_04
W0032,CLASS_04,STEP_009,EQP_07
W0032,CLASS_04,STEP_010,EQP_04
W0032,CLASS_04,STEP_011,EQP_04
W0032,CLASS_04,STEP_012,EQP_04
W0032,CLASS_04,STEP_013,EQP_09
W0032,CLASS_04,STEP_014,EQP_06
W0032,CLASS_04,STEP_015,EQP_08
W0032,CLASS_04,STEP_016,EQP_06
W0032,CLASS_04,STEP_017,EQP_08
W0032,CLASS_04,STEP_018,EQP_01
W0032,CLASS_04,STEP_019,EQP_03
W0033,CLASS_03,STEP_000,EQP_03
W0033,CLASS_03,STEP_001,EQP_07
W0033,CLASS_03,STEP_002,EQP_06
W0033,CLASS_03,STEP_003,EQP_09
W0033,CLASS_03,STEP_004,EQP_06
W0033,CLASS_03,STEP_005,EQP_00
W0033,CLASS_03,STEP_006,EQP_08
W0033,CLASS_03,STEP_007,EQP_06
W0033,CLASS_03,STEP_008,EQP_03
W0033,CLASS_03,STEP_009,EQP_08
W0033,CLASS_03,STEP_010,EQP_04
W0033,CLASS_03,STEP_011,EQP_05
W0033,CLASS_03,STEP_012,EQP_00
W0033,CLASS_03,STEP_013,EQP_08
W0033,CLASS_03,STEP_014,EQP_09
W0033,CLASS_03,STEP_015,EQP_08
W0033,CLASS_03,STEP_016,EQP_07
W0033,CLASS_03,STEP_017,EQP_08
W0033,CLASS_03,STEP_018,EQP_06
W0033,CLASS_03,STEP_019,EQP_04
W0034,CLASS_07,STEP_000,EQP_02
W0034,CLASS_07,STEP_001,EQP_08
W0034,CLASS_07,STEP_002,EQP_03
W0034,CLASS_07,STEP_003,EQP_00
W0034,CLASS_07,STEP_004,EQP_06
W0034,CLASS_07,STEP_005,EQP_09
W0034,CLASS_07,STEP_006,EQP_00
W0034,CLASS_07,STEP_007,EQP_05
W0034,CLASS_07,STEP_008,EQP_03
W0034,CLASS_07,STEP_009,EQP_07
W0034,CLASS_07,STEP_010,EQP_08
W0034,CLASS_07,STEP_011,EQP_02
W0034,CLASS_07,STEP_012,EQP_08
W0034,CLASS_07,STEP_013,EQP_09
W0034,CLASS_07,STEP_014,EQP_00
W0034,CLASS_07,STEP_015,EQP_08
W0034,CLASS_07,STEP_016,EQP_06
W0034,CLASS_07,STEP_017,EQP_02
W0034,CLASS_07,STEP_018,EQP_04
W0034,CLASS_07,STEP_019,EQP_09
W0035,CLASS_08,STEP_000,EQP_03
W0035,CLASS_08,STEP_001,EQP_06
W0035,CLASS_08,STEP_002,EQP_01
W0035,CLASS_08,STEP_003,EQP_03
W0035,CLASS_08,STEP_004,EQP_00
W0035,CLASS_08,STEP_005,EQP_03
W0035,CLASS_08,STEP_006,EQP_05
W0035,CLASS_08,STEP_007,EQP_01
W0035,CLASS_08,STEP_008,EQP_09
W0035,CLASS_08,STEP_009,EQP_03
W0035,CLASS_08,STEP_010,EQP_01
W0035,CLASS_08,STEP_011,EQP_03
W0035,CLASS_08,STEP_012,EQP_08
W0035,CLASS_08,STEP_013,EQP_05
W0035,CLASS_08,STEP_014,EQP_07
W0035,CLASS_08,STEP_015,EQP_00
W0035,CLASS_08,STEP_016,EQP_04
W0035,CLASS_08,STEP_017,EQP_03
W0035,CLASS_08,STEP_018,EQP_00
W0035,CLASS_08,STEP_019,EQP_04
W0036,CLASS_08,STEP_000,EQP_00
W0036,CLASS_08,STEP_001,EQP_08
W0036,CLASS_08,STEP_002,EQP_06
W0036,CLASS_08,STEP_003,EQP_03
W0036,CLASS_08,STEP_004,EQP_05
W0036,CLASS_08,STEP_005,EQP_03
W0036,CLASS_08,STEP_006,EQP_05
W0036,CLASS_08,STEP_007,EQP_01
W0036,CLASS_08,STEP_008,EQP_06
W0036,CLASS_08,STEP_009,EQP_00
W0036,CLASS_08,STEP_010,EQP_07
W0036,CLASS_08,STEP_011,EQP_08
W0036,CLASS_08,STEP_012,EQP_04
W0036,CLASS_08,STEP_013,EQP_03
W0036,CLASS_08,STEP_014,EQP_06
W0036,CLASS_08,STEP_015,EQP_09
W0036,CLASS_08,STEP_016,EQP_04
W0036,CLASS_08,STEP_017,EQP_06
W0036,CLASS_08,STEP_018,EQP_00
W0036,CLASS_08,STEP_019,EQP_00
W0037,CLASS_04,STEP_000,EQP_04
W0037,CLASS_04,STEP_001,EQP_00
W0037,CLASS_04,STEP_002,EQP_08
W0037,CLASS_04,STEP_003,EQP_04
W0037,CLASS_04,STEP_004,EQP_07
W0037,CLASS_04,STEP_005,EQP_05
W0037,CLASS_04,STEP_006,EQP_00
W0037,CLASS_04,STEP_007,EQP_02
W0037,CLASS_04,STEP_008,EQP_07
W0037,CLASS_04,STEP_009,EQP_08
W0037,CLASS_04,STEP_010,EQP_05
W0037,CLASS_04,STEP_011,EQP_01
W0037,CLASS_04,STEP_012,EQP_09
W0037,CLASS_04,STEP_013,EQP_02
W0037,CLASS_04,STEP_014,EQP_05
W0037,CLASS_04,STEP_015,EQP_01
W0037,CLASS_04,STEP_016,EQP_07
W0037,CLASS_04,STEP_017,EQP_00
W0037,CLASS_04,STEP_018,EQP_08
W0037,CLASS_04,STEP_019,EQP_06
W0038,CLASS_01,STEP_000,EQP_07
W0038,CLASS_01,STEP_001,EQP_08
W0038,CLASS_01,STEP_002,EQP_08
W0038,CLASS_01,STEP_003,EQP_06
W0038,CLASS_01,STEP_004,EQP_01
W0038,CLASS_01,STEP_005,EQP_01
W0038,CLASS_01,STEP_006,EQP_01
W0038,CLASS_01,STEP_007,EQP_04
W0038,CLASS_01,STEP_008,EQP_02
W0038,CLASS_01,STEP_009,EQP_09
W0038,CLASS_01,STEP_010,EQP_03
W0038,CLASS_01,STEP_011,EQP_02
W0038,CLASS_01,STEP_012,EQP_07
W0038,CLASS_01,STEP_013,EQP_00
W0038,CLASS_01,STEP_014,EQP_09
W0038,CLASS_01,STEP_015,EQP_07
W0038,CLASS_01,STEP_016,EQP_00
W0038,CLASS_01,STEP_017,EQP_01
W0038,CLASS_01,STEP_018,EQP_05
W0038,CLASS_01,STEP_019,EQP_09
W0039,CLASS_00,STEP_000,EQP_04
W0039,CLASS_00,STEP_001,EQP_00
W0039,CLASS_00,STEP_002,EQP_06
W0039,CLASS_00,STEP_003,EQP_07
W0039,CLASS_00,STEP_004,EQP_01
W0039,CLASS_00,STEP_005,EQP_00
W0039,CLASS_00,STEP_006,EQP_07
W0039,CLASS_00,STEP_007,EQP_08
W0039,CLASS_00,STEP_008,EQP_07
W0039,CLASS_00,STEP_009,EQP_02
W0039,CLASS_00,STEP_010,EQP_08
W0039,CLASS_00,STEP_011,EQP_00
W0039,CLASS_00,STEP_012,EQP_02
W0039,CLASS_00,STEP_013,EQP_05
W0039,CLASS_00,STEP_014,EQP_01
W0039,CLASS_00,STEP_015,EQP_03
W0039,CLASS_00,STEP_016,EQP_06
W0039,CLASS_00,STEP_017,EQP_02
W0039,CLASS_00,STEP_018,EQP_04
W0039,CLASS_00,STEP_019,EQP_06
W0040,CLASS_04,STEP_000,EQP_09
W0040,CLASS_04,STEP_001,EQP_09
W0040,CLASS_04,STEP_002,EQP_00
W0040,CLASS_04,STEP_003,EQP_05
W0040,CLASS_04,STEP_004,EQP_02
W0040,CLASS_04,STEP_005,EQP_02
W0040,CLASS_04,STEP_006,EQP_04
W0040,CLASS_04,STEP_007,EQP_02
W0040,CLASS_04,STEP_008,EQP_08
W0040,CLASS_04,STEP_009,EQP_04
W0040,CLASS_04,STEP_010,EQP_01
W0040,CLASS_04,STEP_011,EQP_03
W0040,CLASS_04,STEP_012,EQP_09
W0040,CLASS_04,STEP_013,EQP_00
W0040,CLASS_04,STEP_014,EQP_03
W0040,CLASS_04,STEP_015,EQP_07
W0040,CLASS_04,STEP_016,EQP_01
W0040,CLASS_04,STEP_017,EQP_03
W0040,CLASS_04,STEP_018,EQP_07
W0040,CLASS_04,STEP_019,EQP_07
W0041,CLASS_01,STEP_000,EQP_07
W0041,CLASS_01,STEP_001,EQP_00
W0041,CLASS_01,STEP_002,EQP_07
W0041,CLASS_01,STEP_003,EQP_06
W0041,CLASS_01,STEP_004,EQP_04
W0041,CLASS_01,STEP_005,EQP_01
W0041,CLASS_01,STEP_006,EQP_02
W0041,CLASS_01,STEP_007,EQP_03
W0041,CLASS_01,STEP_008,EQP_04
W0041,CLASS_01,STEP_009,EQP_07
W0041,CLASS_01,STEP_010,EQP_02
W0041,CLASS_01,STEP_011,EQP_01
W0041,CLASS_01,STEP_012,EQP_09
W0041,CLASS_01,STEP_013,EQP_00
W0041,CLASS_01,STEP_014,EQP_09
W0041,CLASS_01,STEP_015,EQP_04
W0041,CLASS_01,STEP_016,EQP_05
W0041,CLASS_01,STEP_017,EQP_07
W0041,CLASS_01,STEP_018,EQP_01
W0041,CLASS_01,STEP_019,EQP_05
W0042,CLASS_00,STEP_000,EQP_03
W0042,CLASS_00,STEP_001,EQP_02
W0042,CLASS_00,STEP_002,EQP_01
W0042,CLASS_00,STEP_003,EQP_09
W0042,CLASS_00,STEP_004,EQP_00
W0042,CLASS_00,STEP_005,EQP_00
W0042,CLASS_00,STEP_006,EQP_09
W0042,CLASS_00,STEP_007,EQP_09
W0042,CLASS_00,STEP_008,EQP_06
W0042,CLASS_00,STEP_009,EQP_08
W0042,CLASS_00,STEP_010,EQP_05
W0042,CLASS_00,STEP_011,EQP_01
W0042,CLASS_00,STEP_012,EQP_03
W0042,CLASS_00,STEP_013,EQP_05
W0042,CLASS_00,STEP_014,EQP_08
W0042,CLASS_00,STEP_015,EQP_02
W0042,CLASS_00,STEP_016,EQP_08
W0042,CLASS_00,STEP_017,EQP_00
W0042,CLASS_00,STEP_018,EQP_06
W0042,CLASS_00,STEP_019,EQP_04
W0043,CLASS_00,STEP_000,EQP_01
W0043,CLASS_00,STEP_001,EQP_07
W0043,CLASS_00,STEP_002,EQP_01
W0043,CLASS_00,STEP_003,EQP_07
W0043,CLASS_00,STEP_004,EQP_07
W0043,CLASS_00,STEP_005,EQP_01
W0043,CLASS_00,STEP_006,EQP_04
W0043,CLASS_00,STEP_007,EQP_09
W0043,CLASS_00,STEP_008,EQP_07
W0043,CLASS_00,STEP_009,EQP_07
W0043,CLASS_00,STEP_010,EQP_01
W0043,CLASS_00,STEP_011,EQP_05
W0043,CLASS_00,STEP_012,EQP_07
W0043,CLASS_00,STEP_013,EQP_08
W0043,CLASS_00,STEP_014,EQP_08
W0043,CLASS_00,STEP_015,EQP_04
W0043,CLASS_00,STEP_016,EQP_00
W0043,CLASS_00,STEP_017,EQP_06
W0043,CLASS_00,STEP_018,EQP_02
W0043,CLASS_00,STEP_019,EQP_06
W0044,CLASS_01,STEP_000,EQP_08
W0044,CLASS_01,STEP_001,EQP_07
W0044,CLASS_01,STEP_002,EQP_04
W0044,CLASS_01,STEP_003,EQP_06
W0044,CLASS_01,STEP_004,EQP_09
W0044,CLASS_01,STEP_005,EQP_00
W0044,CLASS_01,STEP_006,EQP_01
W0044,CLASS_01,STEP_007,EQP_09
W0044,CLASS_01,STEP_008,EQP_05
W0044,CLASS_01,STEP_009,EQP_07
W0044,CLASS_01,STEP_010,EQP_08
W0044,CLASS_01,STEP_011,EQP_06
W0044,CLASS_01,STEP_012,EQP_01
W0044,CLASS_01,STEP_013,EQP_05
W0044,CLASS_01,STEP_014,EQP_01
W0044,CLASS_01,STEP_015,EQP_00
W0044,CLASS_01,STEP_016,EQP_00
W0044,CLASS_01,STEP_017,EQP_00
W0044,CLASS_01,STEP_018,EQP_06
W0044,CLASS_01,STEP_019,EQP_01
W0045,CLASS_05,STEP_000,EQP_03
W0045,CLASS_05,STEP_001,EQP_06
W0045,CLASS_05,STEP_002,EQP_05
W0045,CLASS_05,STEP_003,EQP_04
W0045,CLASS_05,STEP_004,EQP_01
W0045,CLASS_05,STEP_005,EQP_09
W0045,CLASS_05,STEP_006,EQP_06
W0045,CLASS_05,STEP_007,EQP_03
W0045,CLASS_05,STEP_008,EQP_00
W0045,CLASS_05,STEP_009,EQP_06
W0045,CLASS_05,STEP_010,EQP_04
W0045,CLASS_05,STEP_011,EQP_00
W0045,CLASS_05,STEP_012,EQP_04
W0045,CLASS_05,STEP_013,EQP_01
W0045,CLASS_05,STEP_014,EQP_01
W0045,CLASS_05,STEP_015,EQP_02
W0045,CLASS_05,STEP_016,EQP_08
W0045,CLASS_05,STEP_017,EQP_02
W0045,CLASS_05,STEP_018,EQP_03
W0045,CLASS_05,STEP_019,EQP_03
W0046,CLASS_05,STEP_000,EQP_05
W0046,CLASS_05,STEP_001,EQP_05
W0046,CLASS_05,STEP_002,EQP_02
W0046,CLASS_05,STEP_003,EQP_04
W0046,CLASS_05,STEP_004,EQP_09
W0046,CLASS_05,STEP_005,EQP_05
W0046,CLASS_05,STEP_006,EQP_05
W0046,CLASS_05,STEP_007,EQP_06
W0046,CLASS_05,STEP_008,EQP_06
W0046,CLASS_05,STEP_009,EQP_09
W0046,CLASS_05,STEP_010,EQP_01
W0046,CLASS_05,STEP_011,EQP_09
W0046,CLASS_05,STEP_012,EQP_00
W0046,CLASS_05,STEP_013,EQP_01
W0046,CLASS_05,STEP_014,EQP_00
W0046,CLASS_05,STEP_015,EQP_07
W0046,CLASS_05,STEP_016,EQP_08
W0046,CLASS_05,STEP_017,EQP_00
W0046,CLASS_05,STEP_018,EQP_01
W0046,CLASS_05,STEP_019,EQP_09
W0047,CLASS_03,STEP_000,EQP_05
W0047,CLASS_03,STEP_001,EQP_07
W0047,CLASS_03,STEP_002,EQP_07
W0047,CLASS_03,STEP_003,EQP_09
W0047,CLASS_03,STEP_004,EQP_01
W0047,CLASS_03,STEP_005,EQP_06
W0047,CLASS_03,STEP_006,EQP_04
W0047,CLASS_03,STEP_007,EQP_06
W0047,CLASS_03,STEP_008,EQP_04
W0047,CLASS_03,STEP_009,EQP_00
W0047,CLASS_03,STEP_010,EQP_05
W0047,CLASS_03,STEP_011,EQP_05
W0047,CLASS_03,STEP_012,EQP_01
W0047,CLASS_03,STEP_013,EQP_09
W0047,CLASS_03,STEP_014,EQP_06
W0047,CLASS_03,STEP_015,EQP_09
W0047,CLASS_03,STEP_016,EQP_01
W0047,CLASS_03,STEP_017,EQP_09
W0047,CLASS_03,STEP_018,EQP_05
W0047,CLASS_03,STEP_019,EQP_00
W0048,CLASS_06,STEP_000,EQP_08
W0048,CLASS_06,STEP_001,EQP_09
W0048,CLASS_06,STEP_002,EQP_03
W0048,CLASS_06,STEP_003,EQP_02
W0048,CLASS_06,STEP_004,EQP_06
W0048,CLASS_06,STEP_005,EQP_00
W0048,CLASS_06,STEP_006,EQP_06
W0048,CLASS_06,STEP_007,EQP_07
W0048,CLASS_06,STEP_008,EQP_07
W0048,CLASS_06,STEP_009,EQP_05
W0048,CLASS_06,STEP_010,EQP_02
W0048,CLASS_06,STEP_011,EQP_06
W0048,CLASS_06,STEP_012,EQP_03
W0048,CLASS_06,STEP_013,EQP_05
W0048,CLASS_06,STEP_014,EQP_02
W0048,CLASS_06,STEP_015,EQP_06
W0048,CLASS_06,STEP_016,EQP_04
W0048,CLASS_06,STEP_017,EQP_09
W0048,CLASS_06,STEP_018,EQP_06
W0048,CLASS_06,STEP_019,EQP_09
W0049,CLASS_06,STEP_000,EQP_01
W0049,CLASS_06,STEP_001,EQP_09
W0049,CLASS_06,STEP_002,EQP_00
W0049,CLASS_06,STEP_003,EQP_04
W0049,CLASS_06,STEP_004,EQP_03
W0049,CLASS_06,STEP_005,EQP_03
W0049,CLASS_06,STEP_006,EQP_07
W0049,CLASS_06,STEP_007,EQP_03
W0049,CLASS_06,STEP_008,EQP_01
W0049,CLASS_06,STEP_009,EQP_04
W0049,CLASS_06,STEP_010,EQP_08
W0049,CLASS_06,STEP_011,EQP_08
W0049,CLASS_06,STEP_012,EQP_00
W0049,CLASS_06,STEP_013,EQP_04
W0049,CLASS_06,STEP_014,EQP_05
W0049,CLASS_06,STEP_015,EQP_01
W0049,CLASS_06,STEP_016,EQP_04
W0049,CLASS_06,STEP_017,EQP_01
W0049,CLASS_06,STEP_018,EQP_03
W0049,CLASS_06,STEP_019,EQP_05
W0050,CLASS_02,STEP_000,EQP_08
W0050,CLASS_02,STEP_001,EQP_07
W0050,CLASS_02,STEP_002,EQP_00
W0050,CLASS_02,STEP_003,EQP_04
W0050,CLASS_02,STEP_004,EQP_09
W0050,CLASS_02,STEP_005,EQP_09
W0050,CLASS_02,STEP_006,EQP_06
W0050,CLASS_02,STEP_007,EQP_08
W0050,CLASS_02,STEP_008,EQP_05
W0050,CLASS_02,STEP_009,EQP_07
W0050,CLASS_02,STEP_010,EQP_02
W0050,CLASS_02,STEP_011,EQP_02
W0050,CLASS_02,STEP_012,EQP_08
W0050,CLASS_02,STEP_013,EQP_05
W0050,CLASS_02,STEP_014,EQP_00
W0050,CLASS_02,STEP_015,EQP_09
W0050,CLASS_02,STEP_016,EQP_03
W0050,CLASS_02,STEP_017,EQP_07
W0050,CLASS_02,STEP_018,EQP_03
W0050,CLASS_02,STEP_019,EQP_06
W0051,CLASS_01,STEP_000,EQP_07
W0051,CLASS_01,STEP_001,EQP_00
W0051,CLASS_01,STEP_002,EQP_06
W0051,CLASS_01,STEP_003,EQP_06
W0051,CLASS_01,STEP_004,EQP_09
W0051,CLASS_01,STEP_005,EQP_03
W0051,CLASS_01,STEP_006,EQP_00
W0051,CLASS_01,STEP_007,EQP_00
W0051,CLASS_01,STEP_008,EQP_03
W0051,CLASS_01,STEP_009,EQP_03
W0051,CLASS_01,STEP_010,EQP_02
W0051,CLASS_01,STEP_011,EQP_02
W0051,CLASS_01,STEP_012,EQP_03
W0051,CLASS_01,STEP_013,EQP_03
W0051,CLASS_01,STEP_014,EQP_00
W0051,CLASS_01,STEP_015,EQP_09
W0051,CLASS_01,STEP_016,EQP_02
W0051,CLASS_01,STEP_017,EQP_05
W0051,CLASS_01,STEP_018,EQP_02
W0051,CLASS_01,STEP_019,EQP_03
W0052,CLASS_03,STEP_000,EQP_03
W0052,CLASS_03,STEP_001,EQP_01
W0052,CLASS_03,STEP_002,EQP_04
W0052,CLASS_03,STEP_003,EQP_08
W0052,CLASS_03,STEP_004,EQP_00
W0052,CLASS_03,STEP_005,EQP_06
W0052,CLASS_03,STEP_006,EQP_07
W0052,CLASS_03,STEP_007,EQP_06
W0052,CLASS_03,STEP_008,EQP_00
W0052,CLASS_03,STEP_009,EQP_08
W0052,CLASS_03,STEP_010,EQP_01
W0052,CLASS_03,STEP_011,EQP_09
W0052,CLASS_03,STEP_012,EQP_08
W0052,CLASS_03,STEP_013,EQP_05
W0052,CLASS_03,STEP_014,EQP_03
W0052,CLASS_03,STEP_015,EQP_07
W0052,CLASS_03,STEP_016,EQP_08
W0052,CLASS_03,STEP_017,EQP_09
W0052,CLASS_03,STEP_018,EQP_04
W0052,CLASS_03,STEP_019,EQP_00
W0053,CLASS_07,STEP_000,EQP_00
W0053,CLASS_07,STEP_001,EQP_06
W0053,CLASS_07,STEP_002,EQP_05
W0053,CLASS_07,STEP_003,EQP_00
W0053,CLASS_07,STEP_004,EQP_07
W0053,CLASS_07,STEP_005,EQP_00
W0053,CLASS_07,STEP_006,EQP_06
W0053,CLASS_07,STEP_007,EQP_05
W0053,CLASS_07,STEP_008,EQP_06
W0053,CLASS_07,STEP_009,EQP_08
W0053,CLASS_07,STEP_010,EQP_04
W0053,CLASS_07,STEP_011,EQP_02
W0053,CLASS_07,STEP_012,EQP_00
W0053,CLASS_07,STEP_013,EQP_00
W0053,CLASS_07,STEP_014,EQP_01
W0053,CLASS_07,STEP_015,EQP_04
W0053,CLASS_07,STEP_016,EQP_06
W0053,CLASS_07,STEP_017,EQP_01
W0053,CLASS_07,STEP_018,EQP_07
W0053,CLASS_07,STEP_019,EQP_04
W0054,CLASS_09,STEP_000,EQP_03
W0054,CLASS_09,STEP_001,EQP_08
W0054,CLASS_09,STEP_002,EQP_00
W0054,CLASS_09,STEP_003,EQP_08
W0054,CLASS_09,STEP_004,EQP_01
W0054,CLASS_09,STEP_005,EQP_01
W0054,CLASS_09,STEP_006,EQP_03
W0054,CLASS_09,STEP_007,EQP_07
W0054,CLASS_09,STEP_008,EQP_01
W0054,CLASS_09,STEP_009,EQP_00
W0054,CLASS_09,STEP_010,EQP_02
W0054,CLASS_09,STEP_011,EQP_04
W0054,CLASS_09,STEP_012,EQP_03
W0054,CLASS_09,STEP_013,EQP_05
W0054,CLASS_09,STEP_014,EQP_07
W0054,CLASS_09,STEP_015,EQP_00
W0054,CLASS_09,STEP_016,EQP_07
W0054,CLASS_09,STEP_017,EQP_02
W0054,CLASS_09,STEP_018,EQP_02
W0054,CLASS_09,STEP_019,EQP_07
W0055,CLASS_02,STEP_000,EQP_00
W0055,CLASS_02,STEP_001,EQP_07
W0055,CLASS_02,STEP_002,EQP_04
W0055,CLASS_02,STEP_003,EQP_01
W0055,CLASS_02,STEP_004,EQP_02
W0055,CLASS_02,STEP_005,EQP_00
W0055,CLASS_02,STEP_006,EQP_06
W0055,CLASS_02,STEP_007,EQP_08
W0055,CLASS_02,STEP_008,EQP_08
W0055,CLASS_02,STEP_009,EQP_08
W0055,CLASS_02,STEP_010,EQP_07
W0055,CLASS_02,STEP_011,EQP_02
W0055,CLASS_02,STEP_012,EQP_02
W0055,CLASS_02,STEP_013,EQP_09
W0055,CLASS_02,STEP_014,EQP_04
W0055,CLASS_02,STEP_015,EQP_07
W0055,CLASS_02,STEP_016,EQP_02
W0055,CLASS_02,STEP_017,EQP_00
W0055,CLASS_02,STEP_018,EQP_00
W0055,CLASS_02,STEP_019,EQP_09
W0056,CLASS_09,STEP_000,EQP_02
W0056,CLASS_09,STEP_001,EQP_00
W0056,CLASS_09,STEP_002,EQP_04
W0056,CLASS_09,STEP_003,EQP_02
W0056,CLASS_09,STEP_004,EQP_09
W0056,CLASS_09,STEP_005,EQP_01
W0056,CLASS_09,STEP_006,EQP_08
W0056,CLASS_09,STEP_007,EQP_05
W0056,CLASS_09,STEP_008,EQP_00
W0056,CLASS_09,STEP_009,EQP_08
W0056,CLASS_09,STEP_010,EQP_07
W0056,CLASS_09,STEP_011,EQP_05
W0056,CLASS_09,STEP_012,EQP_05
W0056,CLASS_09,STEP_013,EQP_07
W0056,CLASS_09,STEP_014,EQP_04
W0056,CLASS_09,STEP_015,EQP_09
W0056,CLASS_09,STEP_016,EQP_06
W0056,CLASS_09,STEP_017,EQP_05
W0056,CLASS_09,STEP_018,EQP_00
W0056,CLASS_09,STEP_019,EQP_00
W0057,CLASS_01,STEP_000,EQP_04
W0057,CLASS_01,STEP_001,EQP_00
W0057,CLASS_01,STEP_002,EQP_08
W0057,CLASS_01,STEP_003,EQP_06
W0057,CLASS_01,STEP_004,EQP_01
W0057,CLASS_01,STEP_005,EQP_04
W0057,CLASS_01,STEP_006,EQP_08
W0057,CLASS_01,STEP_007,EQP_00
W0057,CLASS_01,STEP_008,EQP_04
W0057,CLASS_01,STEP_009,EQP_08
W0057,CLASS_01,STEP_010,EQP_04
W0057,CLASS_01,STEP_011,EQP_05
W0057,CLASS_01,STEP_012,EQP_08
W0057,CLASS_01,STEP_013,EQP_04
W0057,CLASS_01,STEP_014,EQP_09
W0057,CLASS_01,STEP_015,EQP_05
W0057,CLASS_01,STEP_016,EQP_08
W0057,CLASS_01,STEP_017,EQP_04
W0057,CLASS_01,STEP_018,EQP_05
W0057,CLASS_01,STEP_019,EQP_01
W0058,CLASS_08,STEP_000,EQP_09
W0058,CLASS_08,STEP_001,EQP_05
W0058,CLASS_08,STEP_002,EQP_03
W0058,CLASS_08,STEP_003,EQP_03
W0058,CLASS_08,STEP_004,EQP_09
W0058,CLASS_08,STEP_005,EQP_09
W0058,CLASS_08,STEP_006,EQP_09
W0058,CLASS_08,STEP_007,EQP_07
W0058,CLASS_08,STEP_008,EQP_09
W0058,CLASS_08,STEP_009,EQP_03
W0058,CLASS_08,STEP_010,EQP_03
W0058,CLASS_08,STEP_011,EQP_01
W0058,CLASS_08,STEP_012,EQP_02
W0058,CLASS_08,STEP_013,EQP_09
W0058,CLASS_08,STEP_014,EQP_01
W0058,CLASS_08,STEP_015,EQP_03
W0058,CLASS_08,STEP_016,EQP_03
W0058,CLASS_08,STEP_017,EQP_06
W0058,CLASS_08,STEP_018,EQP_03
W0058,CLASS_08,STEP_019,EQP_06
W0059,CLASS_01,STEP_000,EQP_05
W0059,CLASS_01,STEP_001,EQP_06
W0059,CLASS_01,STEP_002,EQP_03
W0059,CLASS_01,STEP_003,EQP_06
W0059,CLASS_01,STEP_004,EQP_01
W0059,CLASS_01,STEP_005,EQP_05
W0059,CLASS_01,STEP_006,EQP_09
W0059,CLASS_01,STEP_007,EQP_00
W0059,CLASS_01,STEP_008,EQP_07
W0059,CLASS_01,STEP_009,EQP_06
W0059,CLASS_01,STEP_010,EQP_01
W0059,CLASS_01,STEP_011,EQP_05
W0059,CLASS_01,STEP_012,EQP_09
W0059,CLASS_01,STEP_013,EQP_02
W0059,CLASS_01,STEP_014,EQP_02
W0059,CLASS_01,STEP_015,EQP_07
W0059,CLASS_01,STEP_016,EQP_00
W0059,CLASS_01,STEP_017,EQP_02
W0059,CLASS_01,STEP_018,EQP_09
W0059,CLASS_01,STEP_019,EQP_00
W0060,CLASS_05,STEP_000,EQP_07
W0060,CLASS_05,STEP_001,EQP_08
W0060,CLASS_05,STEP_002,EQP_06
W0060,CLASS_05,STEP_003,EQP_04
W0060,CLASS_05,STEP_004,EQP_00
W0060,CLASS_05,STEP_005,EQP_05
W0060,CLASS_05,STEP_006,EQP_07
W0060,CLASS_05,STEP_007,EQP_03
W0060,CLASS_05,STEP_008,EQP_06
W0060,CLASS_05,STEP_009,EQP_08
W0060,CLASS_05,STEP_010,EQP_00
W0060,CLASS_05,STEP_011,EQP_02
W0060,CLASS_05,STEP_012,EQP_03
W0060,CLASS_05,STEP_013,EQP_02
W0060,CLASS_05,STEP_014,EQP_08
W0060,CLASS_05,STEP_015,EQP_02
W0060,CLASS_05,STEP_016,EQP_04
W0060,CLASS_05,STEP_017,EQP_09
W0060,CLASS_05,STEP_018,EQP_06
W0060,CLASS_05,STEP_019,EQP_02
W0061,CLASS_03,STEP_000,EQP_08
W0061,CLASS_03,STEP_001,EQP_09
W0061,CLASS_03,STEP_002,EQP_08
W0061,CLASS_03,STEP_003,EQP_09
W0061,CLASS_03,STEP_004,EQP_07
W0061,CLASS_03,STEP_005,EQP_04
W0061,CLASS_03,STEP_006,EQP_05
W0061,CLASS_03,STEP_007,EQP_06
W0061,CLASS_03,STEP_008,EQP_05
W0061,CLASS_03,STEP_009,EQP_08
W0061,CLASS_03,STEP_010,EQP_05
W0061,CLASS_03,STEP_011,EQP_06
W0061,CLASS_03,STEP_012,EQP_08
W0061,CLASS_03,STEP_013,EQP_01
W0061,CLASS_03,STEP_014,EQP_00
W0061,CLASS_03,STEP_015,EQP_08
W0061,CLASS_03,STEP_016,EQP_07
W0061,CLASS_03,STEP_017,EQP_07
W0061,CLASS_03,STEP_018,EQP_09
W0061,CLASS_03,STEP_019,EQP_01
W0062,CLASS_06,STEP_000,EQP_09
W0062,CLASS_06,STEP_001,EQP_02
W0062,CLASS_06,STEP_002,EQP_01
W0062,CLASS_06,STEP_003,EQP_08
W0062,CLASS_06,STEP_004,EQP_04
W0062,CLASS_06,STEP_005,EQP_06
W0062,CLASS_06,STEP_006,EQP_04
W0062,CLASS_06,STEP_007,EQP_04
W0062,CLASS_06,STEP_008,EQP_01
W0062,CLASS_06,STEP_009,EQP_01
W0062,CLASS_06,STEP_010,EQP_00
W0062,CLASS_06,STEP_011,EQP_00
W0062,CLASS_06,STEP_012,EQP_07
W0062,CLASS_06,STEP_013,EQP_05
W0062,CLASS_06,STEP_014,EQP_05
W0062,CLASS_06,STEP_015,EQP_04
W0062,CLASS_06,STEP_016,EQP_05
W0062,CLASS_06,STEP_017,EQP_03
W0062,CLASS_06,STEP_018,EQP_01
W0062,CLASS_06,STEP_019,EQP_06
W0063,CLASS_07,STEP_000,EQP_07
W0063,CLASS_07,STEP_001,EQP_00
W0063,CLASS_07,STEP_002,EQP_05
W0063,CLASS_07,STEP_003,EQP_00
W0063,CLASS_07,STEP_004,EQP_09
W0063,CLASS_07,STEP_005,EQP_05
W0063,CLASS_07,STEP_006,EQP_00
W0063,CLASS_07,STEP_007,EQP_01
W0063,CLASS_07,STEP_008,EQP_03
W0063,CLASS_07,STEP_009,EQP_00
W0063,CLASS_07,STEP_010,EQP_06
W0063,CLASS_07,STEP_011,EQP_02
W0063,CLASS_07,STEP_012,EQP_04
W0063,CLASS_07,STEP_013,EQP_06
W0063,CLASS_07,STEP_014,EQP_09
W0063,CLASS_07,STEP_015,EQP_08
W0063,CLASS_07,STEP_016,EQP_04
W0063,CLASS_07,STEP_017,EQP_06
W0063,CLASS_07,STEP_018,EQP_06
W0063,CLASS_07,STEP_019,EQP_00
W0064,CLASS_04,STEP_000,EQP_02
W0064,CLASS_04,STEP_001,EQP_09
W0064,CLASS_04,STEP_002,EQP_09
W0064,CLASS_04,STEP_003,EQP_05
W0064,CLASS_04,STEP_004,EQP_01
W0064,CLASS_04,STEP_005,EQP_02
W0064,CLASS_04,STEP_006,EQP_03
W0064,CLASS_04,STEP_007,EQP_09
W0064,CLASS_04,STEP_008,EQP_07
W0064,CLASS_04,STEP_009,EQP_04
W0064,CLASS_04,STEP_010,EQP_01
W0064,CLASS_04,STEP_011,EQP_07
W0064,CLASS_04,STEP_012,EQP_03
W0064,CLASS_04,STEP_013,EQP_02
W0064,CLASS_04,STEP_014,EQP_07
W0064,CLASS_04,STEP_015,EQP_07
W0064,CLASS_04,STEP_016,EQP_05
W0064,CLASS_04,STEP_017,EQP_07
W0064,CLASS_04,STEP_018,EQP_04
W0064,CLASS_04,STEP_019,EQP_09
W0065,CLASS_09,STEP_000,EQP_08
W0065,CLASS_09,STEP_001,EQP_09
W0065,CLASS_09,STEP_002,EQP_03
W0065,CLASS_09,STEP_003,EQP_08
W0065,CLASS_09,STEP_004,EQP_06
W0065,CLASS_09,STEP_005,EQP_09
W0065,CLASS_09,STEP_006,EQP_06
W0065,CLASS_09,STEP_007,EQP_00
W0065,CLASS_09,STEP_008,EQP_06
W0065,CLASS_09,STEP_009,EQP_08
W0065,CLASS_09,STEP_010,EQP_05
W0065,CLASS_09,STEP_011,EQP_01
W0065,CLASS_09,STEP_012,EQP_04
W0065,CLASS_09,STEP_013,EQP_07
W0065,CLASS_09,STEP_014,EQP_08
W0065,CLASS_09,STEP_015,EQP_03
W0065,CLASS_09,STEP_016,EQP_06
W0065,CLASS_09,STEP_017,EQP_07
W0065,CLASS_09,STEP_018,EQP_02
W0065,CLASS_09,STEP_019,EQP_04
W0066,CLASS_00,STEP_000,EQP_02
W0066,CLASS_00,STEP_001,EQP_06
W0066,CLASS_00,STEP_002,EQP_05
W0066,CLASS_00,STEP_003,EQP_07
W0066,CLASS_00,STEP_004,EQP_08
W0066,CLASS_00,STEP_005,EQP_06
W0066,CLASS_00,STEP_006,EQP_05
W0066,CLASS_00,STEP_007,EQP_00
W0066,CLASS_00,STEP_008,EQP_04
W0066,CLASS_00,STEP_009,EQP_02
W0066,CLASS_00,STEP_010,EQP_01
W0066,CLASS_00,STEP_011,EQP_02
W0066,CLASS_00,STEP_012,EQP_09
W0066,CLASS_00,STEP_013,EQP_09
W0066,CLASS_00,STEP_014,EQP_01
W0066,CLASS_00,STEP_015,EQP_07
W0066,CLASS_00,STEP_016,EQP_03
W0066,CLASS_00,STEP_017,EQP_07
W0066,CLASS_00,STEP_018,EQP_08
W0066,CLASS_00,STEP_019,EQP_09
W0067,CLASS_04,STEP_000,EQP_05
W0067,CLASS_04,STEP_001,EQP_03
W0067,CLASS_04,STEP_002,EQP_04
W0067,CLASS_04,STEP_003,EQP_05
W0067,CLASS_04,STEP_004,EQP_02
W0067,CLASS_04,STEP_005,EQP_00
W0067,CLASS_04,STEP_006,EQP_02
W0067,CLASS_04,STEP_007,EQP_02
W0067,CLASS_04,STEP_008,EQP_03
W0067,CLASS_04,STEP_009,EQP_08
W0067,CLASS_04,STEP_010,EQP_03
W0067,CLASS_04,STEP_011,EQP_09
W0067,CLASS_04,STEP_012,EQP_01
W0067,CLASS_04,STEP_013,EQP_03
W0067,CLASS_04,STEP_014,EQP_04
W0067,CLASS_04,STEP_015,EQP_08
W0067,CLASS_04,STEP_016,EQP_07
W0067,CLASS_04,STEP_017,EQP_01
W0067,CLASS_04,STEP_018,EQP_01
W0067,CLASS_04,STEP_019,EQP_00
W0068,CLASS_07,STEP_000,EQP_02
W0068,CLASS_07,STEP_001,EQP_09
W0068,CLASS_07,STEP_002,EQP_04
W0068,CLASS_07,STEP_003,EQP_00
W0068,CLASS_07,STEP_004,EQP_03
W0068,CLASS_07,STEP_005,EQP_08
W0068,CLASS_07,STEP_006,EQP_07
W0068,CLASS_07,STEP_007,EQP_05
W0068,CLASS_07,STEP_008,EQP_01
W0068,CLASS_07,STEP_009,EQP_00
W0068,CLASS_07,STEP_010,EQP_06
W0068,CLASS_07,STEP_011,EQP_06
W0068,CLASS_07,STEP_012,EQP_05
W0068,CLASS_07,STEP_013,EQP_05
W0068,CLASS_07,STEP_014,EQP_01
W0068,CLASS_07,STEP_015,EQP_02
W0068,CLASS_07,STEP_016,EQP_07
W0068,CLASS_07,STEP_017,EQP_00
W0068,CLASS_07,STEP_018,EQP_02
W0068,CLASS_07,STEP_019,EQP_07
W0069,CLASS_04,STEP_000,EQP_08
W0069,CLASS_04,STEP_001,EQP_00
W0069,CLASS_04,STEP_002,EQP_01
W0069,CLASS_04,STEP_003,EQP_05
W0069,CLASS_04,STEP_004,EQP_08
W0069,CLASS_04,STEP_005,EQP_03
W0069,CLASS_04,STEP_006,EQP_08
W0069,CLASS_04,STEP_007,EQP_02
W0069,CLASS_04,STEP_008,EQP_09
W0069,CLASS_04,STEP_009,EQP_02
W0069,CLASS_04,STEP_010,EQP_03
W0069,CLASS_04,STEP_011,EQP_07
W0069,CLASS_04,STEP_012,EQP_01
W0069,CLASS_04,STEP_013,EQP_01
W0069,CLASS_04,STEP_014,EQP_02
W0069,CLASS_04,STEP_015,EQP_08
W0069,CLASS_04,STEP_016,EQP_05
W0069,CLASS_04,STEP_017,EQP_06
W0069,CLASS_04,STEP_018,EQP_06
W0069,CLASS_04,STEP_019,EQP_05
W0070,CLASS_00,STEP_000,EQP_03
W0070,CLASS_00,STEP_001,EQP_08
W0070,CLASS_00,STEP_002,EQP_05
W0070,CLASS_00,STEP_003,EQP_00
W0070,CLASS_00,STEP_004,EQP_06
W0070,CLASS_00,STEP_005,EQP_08
W0070,CLASS_00,STEP_006,EQP_04
W0070,CLASS_00,STEP_007,EQP_09
W0070,CLASS_00,STEP_008,EQP_02
W0070,CLASS_00,STEP_009,EQP_02
W0070,CLASS_00,STEP_010,EQP_09
W0070,CLASS_00,STEP_011,EQP_03
W0070,CLASS_00,STEP_012,EQP_08
W0070,CLASS_00,STEP_013,EQP_02
W0070,CLASS_00,STEP_014,EQP_07
W0070,CLASS_00,STEP_015,EQP_04
W0070,CLASS_00,STEP_016,EQP_00
W0070,CLASS_00,STEP_017,EQP_05
W0070,CLASS_00,STEP_018,EQP_01
W0070,CLASS_00,STEP_019,EQP_00
W0071,CLASS_01,STEP_000,EQP_05
W0071,CLASS_01,STEP_001,EQP_09
W0071,CLASS_01,STEP_002,EQP_05
W0071,CLASS_01,STEP_003,EQP_02
W0071,CLASS_01,STEP_004,EQP_00
W0071,CLASS_01,STEP_005,EQP_06
W0071,CLASS_01,STEP_006,EQP_01
W0071,CLASS_01,STEP_007,EQP_08
W0071,CLASS_01,STEP_008,EQP_02
W0071,CLASS_01,STEP_009,EQP_09
W0071,CLASS_01,STEP_010,EQP_03
W0071,CLASS_01,STEP_011,EQP_03
W0071,CLASS_01,STEP_012,EQP_02
W0071,CLASS_01,STEP_013,EQP_05
W0071,CLASS_01,STEP_014,EQP_09
W0071,CLASS_01,STEP_015,EQP_04
W0071,CLASS_01,STEP_016,EQP_05
W0071,CLASS_01,STEP_017,EQP_01
W0071,CLASS_01,STEP_018,EQP_02
W0071,CLASS_01,STEP_019,EQP_05
W0072,CLASS_03,STEP_000,EQP_00
W0072,CLASS_03,STEP_001,EQP_05
W0072,CLASS_03,STEP_002,EQP_07
W0072,CLASS_03,STEP_003,EQP_09
W0072,CLASS_03,STEP_004,EQP_07
W0072,CLASS_03,STEP_005,EQP_05
W0072,CLASS_03,STEP_006,EQP_04
W0072,CLASS_03,STEP_007,EQP_06
W0072,CLASS_03,STEP_008,EQP_06
W0072,CLASS_03,STEP_009,EQP_08
W0072,CLASS_03,STEP_010,EQP_06
W0072,CLASS_03,STEP_011,EQP_09
W0072,CLASS_03,STEP_012,EQP_09
W0072,CLASS_03,STEP_013,EQP_06
W0072,CLASS_03,STEP_014,EQP_02
W0072,CLASS_03,STEP_015,EQP_08
W0072,CLASS_03,STEP_016,EQP_04
W0072,CLASS_03,STEP_017,EQP_08
W0072,CLASS_03,STEP_018,EQP_03
W0072,CLASS_03,STEP_019,EQP_07
W0073,CLASS_03,STEP_000,EQP_01
W0073,CLASS_03,STEP_001,EQP_01
W0073,CLASS_03,STEP_002,EQP_01
W0073,CLASS_03,STEP_003,EQP_09
W0073,CLASS_03,STEP_004,EQP_03
W0073,CLASS_03,STEP_005,EQP_08
W0073,CLASS_03,STEP_006,EQP_08
W0073,CLASS_03,STEP_007,EQP_06
W0073,CLASS_03,STEP_008,EQP_02
W0073,CLASS_03,STEP_009,EQP_09
W0073,CLASS_03,STEP_010,EQP_03
W0073,CLASS_03,STEP_011,EQP_09
W0073,CLASS_03,STEP_012,EQP_06
W0073,CLASS_03,STEP_013,EQP_05
W0073,CLASS_03,STEP_014,EQP_09
W0073,CLASS_03,STEP_015,EQP_06
W0073,CLASS_03,STEP_016,EQP_02
W0073,CLASS_03,STEP_017,EQP_03
W0073,CLASS_03,STEP_018,EQP_00
W0073,CLASS_03,STEP_019,EQP_06
W0074,CLASS_06,STEP_000,EQP_01
W0074,CLASS_06,STEP_001,EQP_09
W0074,CLASS_06,STEP_002,EQP_07
W0074,CLASS_06,STEP_003,EQP_01
W0074,CLASS_06,STEP_004,EQP_09
W0074,CLASS_06,STEP_005,EQP_01
W0074,CLASS_06,STEP_006,EQP_06
W0074,CLASS_06,STEP_007,EQP_04
W0074,CLASS_06,STEP_008,EQP_00
W0074,CLASS_06,STEP_009,EQP_02
W0074,CLASS_06,STEP_010,EQP_09
W0074,CLASS_06,STEP_011,EQP_04
W0074,CLASS_06,STEP_012,EQP_00
W0074,CLASS_06,STEP_013,EQP_09
W0074,CLASS_06,STEP_014,EQP_09
W0074,CLASS_06,STEP_015,EQP_01
W0074,CLASS_06,STEP_016,EQP_00
W0074,CLASS_06,STEP_017,EQP_00
W0074,CLASS_06,STEP_018,EQP_00
W0074,CLASS_06,STEP_019,EQP_07
W0075,CLASS_03,STEP_000,EQP_05
W0075,CLASS_03,STEP_001,EQP_01
W0075,CLASS_03,STEP_002,EQP_05
W0075,CLASS_03,STEP_003,EQP_09
W0075,CLASS_03,STEP_004,EQP_07
W0075,CLASS_03,STEP_005,EQP_07
W0075,CLASS_03,STEP_006,EQP_02
W0075,CLASS_03,STEP_007,EQP_06
W0075,CLASS_03,STEP_008,EQP_05
W0075,CLASS_03,STEP_009,EQP_03
W0075,CLASS_03,STEP_010,EQP_02
W0075,CLASS_03,STEP_011,EQP_08
W0075,CLASS_03,STEP_012,EQP_03
W0075,CLASS_03,STEP_013,EQP_09
W0075,CLASS_03,STEP_014,EQP_02
W0075,CLASS_03,STEP_015,EQP_09
W0075,CLASS_03,STEP_016,EQP_09
W0075,CLASS_03,STEP_017,EQP_07
W0075,CLASS_03,STEP_018,EQP_03
W0075,CLASS_03,STEP_019,EQP_03
W0076,CLASS_00,STEP_000,EQP_08
W0076,CLASS_00,STEP_001,EQP_08
W0076,CLASS_00,STEP_002,EQP_00
W0076,CLASS_00,STEP_003,EQP_01
W0076,CLASS_00,STEP_004,EQP_07
W0076,CLASS_00,STEP_005,EQP_01
W0076,CLASS_00,STEP_006,EQP_06
W0076,CLASS_00,STEP_007,EQP_02
W0076,CLASS_00,STEP_008,EQP_02
W0076,CLASS_00,STEP_009,EQP_05
W0076,CLASS_00,STEP_010,EQP_01
W0076,CLASS_00,STEP_011,EQP_04
W0076,CLASS_00,STEP_012,EQP_06
W0076,CLASS_00,STEP_013,EQP_02
W0076,CLASS_00,STEP_014,EQP_07
W0076,CLASS_00,STEP_015,EQP_03
W0076,CLASS_00,STEP_016,EQP_05
W0076,CLASS_00,STEP_017,EQP_08
W0076,CLASS_00,STEP_018,EQP_09
W0076,CLASS_00,STEP_019,EQP_03
W0077,CLASS_07,STEP_000,EQP_07
W0077,CLASS_07,STEP_001,EQP_08
W0077,CLASS_07,STEP_002,EQP_06
W0077,CLASS_07,STEP_003,EQP_05
W0077,CLASS_07,STEP_004,EQP_06
W0077,CLASS_07,STEP_005,EQP_01
W0077,CLASS_07,STEP_006,EQP_03
W0077,CLASS_07,STEP_007,EQP_04
W0077,CLASS_07,STEP_008,EQP_03
W0077,CLASS_07,STEP_009,EQP_02
W0077,CLASS_07,STEP_010,EQP_07
W0077,CLASS_07,STEP_011,EQP_03
W0077,CLASS_07,STEP_012,EQP_01
W0077,CLASS_07,STEP_013,EQP_03
W0077,CLASS_07,STEP_014,EQP_08
W0077,CLASS_07,STEP_015,EQP_05
W0077,CLASS_07,STEP_016,EQP_01
W0077,CLASS_07,STEP_017,EQP_05
W0077,CLASS_07,STEP_018,EQP_07
W0077,CLASS_07,STEP_019,EQP_06
W0078,CLASS_09,STEP_000,EQP_05
W0078,CLASS_09,STEP_001,EQP_01
W0078,CLASS_09,STEP_002,EQP_08
W0078,CLASS_09,STEP_003,EQP_08
W0078,CLASS_09,STEP_004,EQP_01
W0078,CLASS_09,STEP_005,EQP_09
W0078,CLASS_09,STEP_006,EQP_05
W0078,CLASS_09,STEP_007,EQP_02
W0078,CLASS_09,STEP_008,EQP_05
W0078,CLASS_09,STEP_009,EQP_09
W0078,CLASS_09,STEP_010,EQP_05
W0078,CLASS_09,STEP_011,EQP_07
W0078,CLASS_09,STEP_012,EQP_08
W0078,CLASS_09,STEP_013,EQP_08
W0078,CLASS_09,STEP_014,EQP_05
W0078,CLASS_09,STEP_015,EQP_05
W0078,CLASS_09,STEP_016,EQP_06
W0078,CLASS_09,STEP_017,EQP_04
W0078,CLASS_09,STEP_018,EQP_05
W0078,CLASS_09,STEP_019,EQP_06
W0079,CLASS_09,STEP_000,EQP_04
W0079,CLASS_09,STEP_001,EQP_07
W0079,CLASS_09,STEP_002,EQP_04
W0079,CLASS_09,STEP_003,EQP_08
W0079,CLASS_09,STEP_004,EQP_08
W0079,CLASS_09,STEP_005,EQP_09
W0079,CLASS_09,STEP_006,EQP_02
W0079,CLASS_09,STEP_007,EQP_07
W0079,CLASS_09,STEP_008,EQP_03
W0079,CLASS_09,STEP_009,EQP_04
W0079,CLASS_09,STEP_010,EQP_04
W0079,CLASS_09,STEP_011,EQP_02
W0079,CLASS_09,STEP_012,EQP_04
W0079,CLASS_09,STEP_013,EQP_01
W0079,CLASS_09,STEP_014,EQP_01
W0079,CLASS_09,STEP_015,EQP_09
W0079,CLASS_09,STEP_016,EQP_04
W0079,CLASS_09,STEP_017,EQP_06
W0079,CLASS_09,STEP_018,EQP_05
W0079,CLASS_09,STEP_019,EQP_07
W0080,CLASS_05,STEP_000,EQP_00
W0080,CLASS_05,STEP_001,EQP_07
W0080,CLASS_05,STEP_002,EQP_08
W0080,CLASS_05,STEP_003,EQP_01
W0080,CLASS_05,STEP_004,EQP_00
W0080,CLASS_05,STEP_005,EQP_06
W0080,CLASS_05,STEP_006,EQP_01
W0080,CLASS_05,STEP_007,EQP_03
W0080,CLASS_05,STEP_008,EQP_09
W0080,CLASS_05,STEP_009,EQP_01
W0080,CLASS_05,STEP_010,EQP_07
W0080,CLASS_05,STEP_011,EQP_00
W0080,CLASS_05,STEP_012,EQP_06
W0080,CLASS_05,STEP_013,EQP_07
W0080,CLASS_05,STEP_014,EQP_07
W0080,CLASS_05,STEP_015,EQP_02
W0080,CLASS_05,STEP_016,EQP_07
W0080,CLASS_05,STEP_017,EQP_07
W0080,CLASS_05,STEP_018,EQP_08
W0080,CLASS_05,STEP_019,EQP_07
W0081,CLASS_00,STEP_000,EQP_06
W0081,CLASS_00,STEP_001,EQP_08
W0081,CLASS_00,STEP_002,EQP_01
W0081,CLASS_00,STEP_003,EQP_07
W0081,CLASS_00,STEP_004,EQP_00
W0081,CLASS_00,STEP_005,EQP_00
W0081,CLASS_00,STEP_006,EQP_01
W0081,CLASS_00,STEP_007,EQP_09
W0081,CLASS_00,STEP_008,EQP_08
W0081,CLASS_00,STEP_009,EQP_06
W0081,CLASS_00,STEP_010,EQP_02
W0081,CLASS_00,STEP_011,EQP_01
W0081,CLASS_00,STEP_012,EQP_00
W0081,CLASS_00,STEP_013,EQP_00
W0081,CLASS_00,STEP_014,EQP_05
W0081,CLASS_00,STEP_015,EQP_09
W0081,CLASS_00,STEP_016,EQP_03
W0081,CLASS_00,STEP_017,EQP_04
W0081,CLASS_00,STEP_018,EQP_02
W0081,CLASS_00,STEP_019,EQP_09
W0082,CLASS_00,STEP_000,EQP_03
W0082,CLASS_00,STEP_001,EQP_05
W0082,CLASS_00,STEP_002,EQP_09
W0082,CLASS_00,STEP_003,EQP_07
W0082,CLASS_00,STEP_004,EQP_09
W0082,CLASS_00,STEP_005,EQP_04
W0082,CLASS_00,STEP_006,EQP_05
W0082,CLASS_00,STEP_007,EQP_09
W0082,CLASS_00,STEP_008,EQP_05
W0082,CLASS_00,STEP_009,EQP_05
W0082,CLASS_00,STEP_010,EQP_06
W0082,CLASS_00,STEP_011,EQP_08
W0082,CLASS_00,STEP_012,EQP_07
W0082,CLASS_00,STEP_013,EQP_09
W0082,CLASS_00,STEP_014,EQP_09
W0082,CLASS_00,STEP_015,EQP_00
W0082,CLASS_00,STEP_016,EQP_02
W0082,CLASS_00,STEP_017,EQP_04
W0082,CLASS_00,STEP_018,EQP_03
W0082,CLASS_00,STEP_019,EQP_05
W0083,CLASS_09,STEP_000,EQP_01
W0083,CLASS_09,STEP_001,EQP_04
W0083,CLASS_09,STEP_002,EQP_02
W0083,CLASS_09,STEP_003,EQP_08
W0083,CLASS_09,STEP_004,EQP_07
W0083,CLASS_09,STEP_005,EQP_00
W0083,CLASS_09,STEP_006,EQP_06
W0083,CLASS_09,STEP_007,EQP_07
W0083,CLASS_09,STEP_008,EQP_01
W0083,CLASS_09,STEP_009,EQP_04
W0083,CLASS_09,STEP_010,EQP_02
W0083,CLASS_09,STEP_011,EQP_09
W0083,CLASS_09,STEP_012,EQP_02
W0083,CLASS_09,STEP_013,EQP_02
W0083,CLASS_09,STEP_014,EQP_00
W0083,CLASS_09,STEP_015,EQP_07
W0083,CLASS_09,STEP_016,EQP_03
W0083,CLASS_09,STEP_017,EQP_02
W0083,CLASS_09,STEP_018,EQP_09
W0083,CLASS_09,STEP_019,EQP_00
W0084,CLASS_09,STEP_000,EQP_02
W0084,CLASS_09,STEP_001,EQP_02
W0084,CLASS_09,STEP_002,EQP_00
W0084,CLASS_09,STEP_003,EQP_08
W0084,CLASS_09,STEP_004,EQP_03
W0084,CLASS_09,STEP_005,EQP_00
W0084,CLASS_09,STEP_006,EQP_05
W0084,CLASS_09,STEP_007,EQP_05
W0084,CLASS_09,STEP_008,EQP_08
W0084,CLASS_09,STEP_009,EQP_06
W0084,CLASS_09,STEP_010,EQP_03
W0084,CLASS_09,STEP_011,EQP_04
W0084,CLASS_09,STEP_012,EQP_06
W0084,CLASS_09,STEP_013,EQP_04
W0084,CLASS_09,STEP_014,EQP_05
W0084,CLASS_09,STEP_015,EQP_04
W0084,CLASS_09,STEP_016,EQP_01
W0084,CLASS_09,STEP_017,EQP_00
W0084,CLASS_09,STEP_018,EQP_08
W0084,CLASS_09,STEP_019,EQP_00
W0085,CLASS_02,STEP_000,EQP_08
W0085,CLASS_02,STEP_001,EQP_04
W0085,CLASS_02,STEP_002,EQP_00
W0085,CLASS_02,STEP_003,EQP_01
W0085,CLASS_02,STEP_004,EQP_08
W0085,CLASS_02,STEP_005,EQP_04
W0085,CLASS_02,STEP_006,EQP_02
W0085,CLASS_02,STEP_007,EQP_08
W0085,CLASS_02,STEP_008,EQP_09
W0085,CLASS_02,STEP_009,EQP_03
W0085,CLASS_02,STEP_010,EQP_07
W0085,CLASS_02,STEP_011,EQP_09
W0085,CLASS_02,STEP_012,EQP_01
W0085,CLASS_02,STEP_013,EQP_03
W0085,CLASS_02,STEP_014,EQP_04
W0085,CLASS_02,STEP_015,EQP_01
W0085,CLASS_02,STEP_016,EQP_02
W0085,CLASS_02,STEP_017,EQP_05
W0085,CLASS_02,STEP_018,EQP_01
W0085,CLASS_02,STEP_019,EQP_07
W0086,CLASS_02,STEP_000,EQP_01
W0086,CLASS_02,STEP_001,EQP_07
W0086,CLASS_02,STEP_002,EQP_08
W0086,CLASS_02,STEP_003,EQP_01
W0086,CLASS_02,STEP_004,EQP_09
W0086,CLASS_02,STEP_005,EQP_05
W0086,CLASS_02,STEP_006,EQP_09
W0086,CLASS_02,STEP_007,EQP_08
W0086,CLASS_02,STEP_008,EQP_02
W0086,CLASS_02,STEP_009,EQP_00
W0086,CLASS_02,STEP_010,EQP_02
W0086,CLASS_02,STEP_011,EQP_06
W0086,CLASS_02,STEP_012,EQP_09
W0086,CLASS_02,STEP_013,EQP_02
W0086,CLASS_02,STEP_014,EQP_06
W0086,CLASS_02,STEP_015,EQP_00
W0086,CLASS_02,STEP_016,EQP_07
W0086,CLASS_02,STEP_017,EQP_03
W0086,CLASS_02,STEP_018,EQP_07
W0086,CLASS_02,STEP_019,EQP_09
W0087,CLASS_00,STEP_000,EQP_00
W0087,CLASS_00,STEP_001,EQP_05
W0087,CLASS_00,STEP_002,EQP_07
W0087,CLASS_00,STEP_003,EQP_07
W0087,CLASS_00,STEP_004,EQP_04
W0087,CLASS_00,STEP_005,EQP_03
W0087,CLASS_00,STEP_006,EQP_06
W0087,CLASS_00,STEP_007,EQP_09
W0087,CLASS_00,STEP_008,EQP_05
W0087,CLASS_00,STEP_009,EQP_05
W0087,CLASS_00,STEP_010,EQP_04
W0087,CLASS_00,STEP_011,EQP_08
W0087,CLASS_00,STEP_012,EQP_05
W0087,CLASS_00,STEP_013,EQP_02
W0087,CLASS_00,STEP_014,EQP_07
W0087,CLASS_00,STEP_015,EQP_06
W0087,CLASS_00,STEP_016,EQP_02
W0087,CLASS_00,STEP_017,EQP_01
W0087,CLASS_00,STEP_018,EQP_04
W0087,CLASS_00,STEP_019,EQP_00
W0088,CLASS_05,STEP_000,EQP_02
W0088,CLASS_05,STEP_001,EQP_03
W0088,CLASS_05,STEP_002,EQP_06
W0088,CLASS_05,STEP_003,EQP_06
W0088,CLASS_05,STEP_004,EQP_04
W0088,CLASS_05,STEP_005,EQP_07
W0088,CLASS_05,STEP_006,EQP_04
W0088,CLASS_05,STEP_007,EQP_03
W0088,CLASS_05,STEP_008,EQP_07
W0088,CLASS_05,STEP_009,EQP_01
W0088,CLASS_05,STEP_010,EQP_01
W0088,CLASS_05,STEP_011,EQP_06
W0088,CLASS_05,STEP_012,EQP_01
W0088,CLASS_05,STEP_013,EQP_01
W0088,CLASS_05,STEP_014,EQP_03
W0088,CLASS_05,STEP_015,EQP_02
W0088,CLASS_05,STEP_016,EQP_04
W0088,CLASS_05,STEP_017,EQP_06
W0088,CLASS_05,STEP_018,EQP_00
W0088,CLASS_05,STEP_019,EQP_09
W0089,CLASS_04,STEP_000,EQP_05
W0089,CLASS_04,STEP_001,EQP_03
W0089,CLASS_04,STEP_002,EQP_02
W0089,CLASS_04,STEP_003,EQP_03
W0089,CLASS_04,STEP_004,EQP_00
W0089,CLASS_04,STEP_005,EQP_07
W0089,CLASS_04,STEP_006,EQP_05
W0089,CLASS_04,STEP_007,EQP_02
W0089,CLASS_04,STEP_008,EQP_08
W0089,CLASS_04,STEP_009,EQP_01
W0089,CLASS_04,STEP_010,EQP_09
W0089,CLASS_04,STEP_011,EQP_09
W0089,CLASS_04,STEP_012,EQP_00
W0089,CLASS_04,STEP_013,EQP_06
W0089,CLASS_04,STEP_014,EQP_00
W0089,CLASS_04,STEP_015,EQP_04
W0089,CLASS_04,STEP_016,EQP_04
W0089,CLASS_04,STEP_017,EQP_02
W0089,CLASS_04,STEP_018,EQP_08
W0089,CLASS_04,STEP_019,EQP_09
W0090,CLASS_09,STEP_000,EQP_05
W0090,CLASS_09,STEP_001,EQP_01
W0090,CLASS_09,STEP_002,EQP_04
W0090,CLASS_09,STEP_003,EQP_00
W0090,CLASS_09,STEP_004,EQP_08
W0090,CLASS_09,STEP_005,EQP_01
W0090,CLASS_09,STEP_006,EQP_05
W0090,CLASS_09,STEP_007,EQP_07
W0090,CLASS_09,STEP_008,EQP_04
W0090,CLASS_09,STEP_009,EQP_07
W0090,CLASS_09,STEP_010,EQP_01
W0090,CLASS_09,STEP_011,EQP_07
W0090,CLASS_09,STEP_012,EQP_02
W0090,CLASS_09,STEP_013,EQP_06
W0090,CLASS_09,STEP_014,EQP_08
W0090,CLASS_09,STEP_015,EQP_09
W0090,CLASS_09,STEP_016,EQP_04
W0090,CLASS_09,STEP_017,EQP_03
W0090,CLASS_09,STEP_018,EQP_04
W0090,CLASS_09,STEP_019,EQP_02
W0091,CLASS_04,STEP_000,EQP_01
W0091,CLASS_04,STEP_001,EQP_09
W0091,CLASS_04,STEP_002,EQP_07
W0091,CLASS_04,STEP_003,EQP_05
W0091,CLASS_04,STEP_004,EQP_04
W0091,CLASS_04,STEP_005,EQP_03
W0091,CLASS_04,STEP_006,EQP_02
W0091,CLASS_04,STEP_007,EQP_02
W0091,CLASS_04,STEP_008,EQP_04
W0091,CLASS_04,STEP_009,EQP_00
W0091,CLASS_04,STEP_010,EQP_04
W0091,CLASS_04,STEP_011,EQP_04
W0091,CLASS_04,STEP_012,EQP_02
W0091,CLASS_04,STEP_013,EQP_04
W0091,CLASS_04,STEP_014,EQP_02
W0091,CLASS_04,STEP_015,EQP_08
W0091,CLASS_04,STEP_016,EQP_08
W0091,CLASS_04,STEP_017,EQP_09
W0091,CLASS_04,STEP_018,EQP_05
W0091,CLASS_04,STEP_019,EQP_06
W0092,CLASS_00,STEP_000,EQP_04
W0092,CLASS_00,STEP_001,EQP_08
W0092,CLASS_00,STEP_002,EQP_02
W0092,CLASS_00,STEP_003,EQP_07
W0092,CLASS_00,STEP_004,EQP_09
W0092,CLASS_00,STEP_005,EQP_02
W0092,CLASS_00,STEP_006,EQP_00
W0092,CLASS_00,STEP_007,EQP_07
W0092,CLASS_00,STEP_008,EQP_07
W0092,CLASS_00,STEP_009,EQP_06
W0092,CLASS_00,STEP_010,EQP_00
W0092,CLASS_00,STEP_011,EQP_03
W0092,CLASS_00,STEP_012,EQP_02
W0092,CLASS_00,STEP_013,EQP_08
W0092,CLASS_00,STEP_014,EQP_00
W0092,CLASS_00,STEP_015,EQP_05
W0092,CLASS_00,STEP_016,EQP_05
W0092,CLASS_00,STEP_017,EQP_02
W0092,CLASS_00,STEP_018,EQP_09
W0092,CLASS_00,STEP_019,EQP_05
W0093,CLASS_04,STEP_000,EQP_04
W0093,CLASS_04,STEP_001,EQP_02
W0093,CLASS_04,STEP_002,EQP_04
W0093,CLASS_04,STEP_003,EQP_05
W0093,CLASS_04,STEP_004,EQP_03
W0093,CLASS_04,STEP_005,EQP_04
W0093,CLASS_04,STEP_006,EQP_06
W0093,CLASS_04,STEP_007,EQP_02
W0093,CLASS_04,STEP_008,EQP_04
W0093,CLASS_04,STEP_009,EQP_03
W0093,CLASS_04,STEP_010,EQP_04
W0093,CLASS_04,STEP_011,EQP_08
W0093,CLASS_04,STEP_012,EQP_01
W0093,CLASS_04,STEP_013,EQP_06
W0093,CLASS_04,STEP_014,EQP_01
W0093,CLASS_04,STEP_015,EQP_00
W0093,CLASS_04,STEP_016,EQP_01
W0093,CLASS_04,STEP_017,EQP_07
W0093,CLASS_04,STEP_018,EQP_06
W0093,CLASS_04,STEP_019,EQP_04
W0094,CLASS_04,STEP_000,EQP_07
W0094,CLASS_04,STEP_001,EQP_04
W0094,CLASS_04,STEP_002,EQP_05
W0094,CLASS_04,STEP_003,EQP_05
W0094,CLASS_04,STEP_004,EQP_07
W0094,CLASS_04,STEP_005,EQP_01
W0094,CLASS_04,STEP_006,EQP_09
W0094,CLASS_04,STEP_007,EQP_02
W0094,CLASS_04,STEP_008,EQP_03
W0094,CLASS_04,STEP_009,EQP_05
W0094,CLASS_04,STEP_010,EQP_06
W0094,CLASS_04,STEP_011,EQP_01
W0094,CLASS_04,STEP_012,EQP_08
W0094,CLASS_04,STEP_013,EQP_09
W0094,CLASS_04,STEP_014,EQP_02
W0094,CLASS_04,STEP_015,EQP_03
W0094,CLASS_04,STEP_016,EQP_08
W0094,CLASS_04,STEP_017,EQP_04
W0094,CLASS_04,STEP_018,EQP_01
W0094,CLASS_04,STEP_019,EQP_05
W0095,CLASS_06,STEP_000,EQP_06
W0095,CLASS_06,STEP_001,EQP_01
W0095,CLASS_06,STEP_002,EQP_06
W0095,CLASS_06,STEP_003,EQP_02
W0095,CLASS_06,STEP_004,EQP_03
W0095,CLASS_06,STEP_005,EQP_08
W0095,CLASS_06,STEP_006,EQP_08
W0095,CLASS_06,STEP_007,EQP_04
W0095,CLASS_06,STEP_008,EQP_00
W0095,CLASS_06,STEP_009,EQP_04
W0095,CLASS_06,STEP_010,EQP_07
W0095,CLASS_06,STEP_011,EQP_03
W0095,CLASS_06,STEP_012,EQP_01
W0095,CLASS_06,STEP_013,EQP_07
W0095,CLASS_06,STEP_014,EQP_08
W0095,CLASS_06,STEP_015,EQP_08
W0095,CLASS_06,STEP_016,EQP_00
W0095,CLASS_06,STEP_017,EQP_02
W0095,CLASS_06,STEP_018,EQP_00
W0095,CLASS_06,STEP_019,EQP_08
W0096,CLASS_02,STEP_000,EQP_05
W0096,CLASS_02,STEP_001,EQP_09
W0096,CLASS_02,STEP_002,EQP_00
W0096,CLASS_02,STEP_003,EQP_01
W0096,CLASS_02,STEP_004,EQP_01
W0096,CLASS_02,STEP_005,EQP_05
W0096,CLASS_02,STEP_006,EQP_09
W0096,CLASS_02,STEP_007,EQP_08
W0096,CLASS_02,STEP_008,EQP_05
W0096,CLASS_02,STEP_009,EQP_04
W0096,CLASS_02,STEP_010,EQP_08
W0096,CLASS_02,STEP_011,EQP_02
W0096,CLASS_02,STEP_012,EQP_08
W0096,CLASS_02,STEP_013,EQP_08
W0096,CLASS_02,STEP_014,EQP_03
W0096,CLASS_02,STEP_015,EQP_04
W0096,CLASS_02,STEP_016,EQP_03
W0096,CLASS_02,STEP_017,EQP_07
W0096,CLASS_02,STEP_018,EQP_01
W0096,CLASS_02,STEP_019,EQP_06
W0097,CLASS_09,STEP_000,EQP_03
W0097,CLASS_09,STEP_001,EQP_07
W0097,CLASS_09,STEP_002,EQP_06
W0097,CLASS_09,STEP_003,EQP_08
W0097,CLASS_09,STEP_004,EQP_08
W0097,CLASS_09,STEP_005,EQP_09
W0097,CLASS_09,STEP_006,EQP_08
W0097,CLASS_09,STEP_007,EQP_07
W0097,CLASS_09,STEP_008,EQP_01
W0097,CLASS_09,STEP_009,EQP_03
W0097,CLASS_09,STEP_010,EQP_03
W0097,CLASS_09,STEP_011,EQP_00
W0097,CLASS_09,STEP_012,EQP_06
W0097,CLASS_09,STEP_013,EQP_03
W0097,CLASS_09,STEP_014,EQP_00
W0097,CLASS_09,STEP_015,EQP_08
W0097,CLASS_09,STEP_016,EQP_01
W0097,CLASS_09,STEP_017,EQP_08
W0097,CLASS_09,STEP_018,EQP_08
W0097,CLASS_09,STEP_019,EQP_06
W0098,CLASS_02,STEP_000,EQP_08
W0098,CLASS_02,STEP_001,EQP_06
W0098,CLASS_02,STEP_002,EQP_00
W0098,CLASS_02,STEP_003,EQP_01
W0098,CLASS_02,STEP_004,EQP_09
W0098,CLASS_02,STEP_005,EQP_07
W0098,CLASS_02,STEP_006,EQP_07
W0098,CLASS_02,STEP_007,EQP_08
W0098,CLASS_02,STEP_008,EQP_06
W0098,CLASS_02,STEP_009,EQP_08
W0098,CLASS_02,STEP_010,EQP_05
W0098,CLASS_02,STEP_011,EQP_07
W0098,CLASS_02,STEP_012,EQP_06
W0098,CLASS_02,STEP_013,EQP_06
W0098,CLASS_02,STEP_014,EQP_04
W0098,CLASS_02,STEP_015,EQP_00
W0098,CLASS_02,STEP_016,EQP_07
W0098,CLASS_02,STEP_017,EQP_07
W0098,CLASS_02,STEP_018,EQP_03
W0098,CLASS_02,STEP_019,EQP_07
W0099,CLASS_06,STEP_000,EQP_02
W0099,CLASS_06,STEP_001,EQP_05
W0099,CLASS_06,STEP_002,EQP_06
W0099,CLASS_06,STEP_003,EQP_02
W0099,CLASS_06,STEP_004,EQP_04
W0099,CLASS_06,STEP_005,EQP_08
W0099,CLASS_06,STEP_006,EQP_02
W0099,CLASS_06,STEP_007,EQP_04
W0099,CLASS_06,STEP_008,EQP_05
W0099,CLASS_06,STEP_009,EQP_00
W0099,CLASS_06,STEP_010,EQP_02
W0099,CLASS_06,STEP_011,EQP_09
W0099,CLASS_06,STEP_012,EQP_03
W0099,CLASS_06,STEP_013,EQP_09
W0099,CLASS_06,STEP_014,EQP_05
W0099,CLASS_06,STEP_015,EQP_06
W0099,CLASS_06,STEP_016,EQP_09
W0099,CLASS_06,STEP_017,EQP_02
W0099,CLASS_06,STEP_018,EQP_04
W0099,CLASS_06,STEP_019,EQP_07
W0100,CLASS_06,STEP_000,EQP_09
W0100,CLASS_06,STEP_001,EQP_06
W0100,CLASS_06,STEP_002,EQP_01
W0100,CLASS_06,STEP_003,EQP_04
W0100,CLASS_06,STEP_004,EQP_02
W0100,CLASS_06,STEP_005,EQP_07
W0100,CLASS_06,STEP_006,EQP_05
W0100,CLASS_06,STEP_007,EQP_04
W0100,CLASS_06,STEP_008,EQP_05
W0100,CLASS_06,STEP_009,EQP_05
W0100,CLASS_06,STEP_010,EQP_07
W0100,CLASS_06,STEP_011,EQP_01
W0100,CLASS_06,STEP_012,EQP_03
W0100,CLASS_06,STEP_013,EQP_02
W0100,CLASS_06,STEP_014,EQP_09
W0100,CLASS_06,STEP_015,EQP_03
W0100,CLASS_06,STEP_016,EQP_04
W0100,CLASS_06,STEP_017,EQP_01
W0100,CLASS_06,STEP_018,EQP_02
W0100,CLASS_06,STEP_019,EQP_05
W0101,CLASS_01,STEP_000,EQP_08
W0101,CLASS_01,STEP_001,EQP_08
W0101,CLASS_01,STEP_002,EQP_05
W0101,CLASS_01,STEP_003,EQP_08
W0101,CLASS_01,STEP_004,EQP_01
W0101,CLASS_01,STEP_005,EQP_00
W0101,CLASS_01,STEP_006,EQP_04
W0101,CLASS_01,STEP_007,EQP_03
W0101,CLASS_01,STEP_008,EQP_07
W0101,CLASS_01,STEP_009,EQP_01
W0101,CLASS_01,STEP_010,EQP_07
W0101,CLASS_01,STEP_011,EQP_08
W0101,CLASS_01,STEP_012,EQP_04
W0101,CLASS_01,STEP_013,EQP_00
W0101,CLASS_01,STEP_014,EQP_06
W0101,CLASS_01,STEP_015,EQP_08
W0101,CLASS_01,STEP_016,EQP_09
W0101,CLASS_01,STEP_017,EQP_06
W0101,CLASS_01,STEP_018,EQP_06
W0101,CLASS_01,STEP_019,EQP_03
W0102,CLASS_00,STEP_000,EQP_06
W0102,CLASS_00,STEP_001,EQP_04
W0102,CLASS_00,STEP_002,EQP_08
W0102,CLASS_00,STEP_003,EQP_02
W0102,CLASS_00,STEP_004,EQP_09
W0102,CLASS_00,STEP_005,EQP_09
W0102,CLASS_00,STEP_006,EQP_05
W0102,CLASS_00,STEP_007,EQP_09
W0102,CLASS_00,STEP_008,EQP_00
W0102,CLASS_00,STEP_009,EQP_02
W0102,CLASS_00,STEP_010,EQP_03
W0102,CLASS_00,STEP_011,EQP_09
W0102,CLASS_00,STEP_012,EQP_04
W0102,CLASS_00,STEP_013,EQP_08
W0102,CLASS_00,STEP_014,EQP_09
W0102,CLASS_00,STEP_015,EQP_08
W0102,CLASS_00,STEP_016,EQP_02
W0102,CLASS_00,STEP_017,EQP_06
W0102,CLASS_00,STEP_018,EQP_04
W0102,CLASS_00,STEP_019,EQP_04
W0103,CLASS_01,STEP_000,EQP_05
W0103,CLASS_01,STEP_001,EQP_07
W0103,CLASS_01,STEP_002,EQP_08
W0103,CLASS_01,STEP_003,EQP_06
W0103,CLASS_01,STEP_004,EQP_04
W0103,CLASS_01,STEP_005,EQP_02
W0103,CLASS_01,STEP_006,EQP_08
W0103,CLASS_01,STEP_007,EQP_00
W0103,CLASS_01,STEP_008,EQP_03
W0103,CLASS_01,STEP_009,EQP_04
W0103,CLASS_01,STEP_010,EQP_02
W0103,CLASS_01,STEP_011,EQP_02
W0103,CLASS_01,STEP_012,EQP_01
W0103,CLASS_01,STEP_013,EQP_08
W0103,CLASS_01,STEP_014,EQP_09
W0103,CLASS_01,STEP_015,EQP_00
W0103,CLASS_01,STEP_016,EQP_06
W0103,CLASS_01,STEP_017,EQP_03
W0103,CLASS_01,STEP_018,EQP_05
W0103,CLASS_01,STEP_019,EQP_07
W0104,CLASS_09,STEP_000,EQP_05
W0104,CLASS_09,STEP_001,EQP_08
W0104,CLASS_09,STEP_002,EQP_06
W0104,CLASS_09,STEP_003,EQP_08
W0104,CLASS_09,STEP_004,EQP_02
W0104,CLASS_09,STEP_005,EQP_01
W0104,CLASS_09,STEP_006,EQP_07
W0104,CLASS_09,STEP_007,EQP_07
W0104,CLASS_09,STEP_008,EQP_03
W0104,CLASS_09,STEP_009,EQP_05
W0104,CLASS_09,STEP_010,EQP_07
W0104,CLASS_09,STEP_011,EQP_00
W0104,CLASS_09,STEP_012,EQP_09
W0104,CLASS_09,STEP_013,EQP_09
W0104,CLASS_09,STEP_014,EQP_01
W0104,CLASS_09,STEP_015,EQP_04
W0104,CLASS_09,STEP_016,EQP_07
W0104,CLASS_09,STEP_017,EQP_00
W0104,CLASS_09,STEP_018,EQP_09
W0104,CLASS_09,STEP_019,EQP_04
W0105,CLASS_06,STEP_000,EQP_00
W0105,CLASS_06,STEP_001,EQP_09
W0105,CLASS_06,STEP_002,EQP_01
W0105,CLASS_06,STEP_003,EQP_02
W0105,CLASS_06,STEP_004,EQP_08
W0105,CLASS_06,STEP_005,EQP_04
W0105,CLASS_06,STEP_006,EQP_05
W0105,CLASS_06,STEP_007,EQP_04
W0105,CLASS_06,STEP_008,EQP_09
W0105,CLASS_06,STEP_009,EQP_05
W0105,CLASS_06,STEP_010,EQP_08
W0105,CLASS_06,STEP_011,EQP_00
W0105,CLASS_06,STEP_012,EQP_04
W0105,CLASS_06,STEP_013,EQP_01
W0105,CLASS_06,STEP_014,EQP_03
W0105,CLASS_06,STEP_015,EQP_03
W0105,CLASS_06,STEP_016,EQP_01
W0105,CLASS_06,STEP_017,EQP_06
W0105,CLASS_06,STEP_018,EQP_03
W0105,CLASS_06,STEP_019,EQP_06
W0106,CLASS_07,STEP_000,EQP_09
W0106,CLASS_07,STEP_001,EQP_00
W0106,CLASS_07,STEP_002,EQP_05
W0106,CLASS_07,STEP_003,EQP_00
W0106,CLASS_07,STEP_004,EQP_08
W0106,CLASS_07,STEP_005,EQP_06
W0106,CLASS_07,STEP_006,EQP_05
W0106,CLASS_07,STEP_007,EQP_05
W0106,CLASS_07,STEP_008,EQP_08
W0106,CLASS_07,STEP_009,EQP_02
W0106,CLASS_07,STEP_010,EQP_09
W0106,CLASS_07,STEP_011,EQP_06
W0106,CLASS_07,STEP_012,EQP_02
W0106,CLASS_07,STEP_013,EQP_03
W0106,CLASS_07,STEP_014,EQP_02
W0106,CLASS_07,STEP_015,EQP_03
W0106,CLASS_07,STEP_016,EQP_05
W0106,CLASS_07,STEP_017,EQP_09
W0106,CLASS_07,STEP_018,EQP_04
W0106,CLASS_07,STEP_019,EQP_05
W0107,CLASS_07,STEP_000,EQP_02
W0107,CLASS_07,STEP_001,EQP_00
W0107,CLASS_07,STEP_002,EQP_01
W0107,CLASS_07,STEP_003,EQP_00
W0107,CLASS_07,STEP_004,EQP_05
W0107,CLASS_07,STEP_005,EQP_01
W0107,CLASS_07,STEP_006,EQP_08
W0107,CLASS_07,STEP_007,EQP_05
W0107,CLASS_07,STEP_008,EQP_07
W0107,CLASS_07,STEP_009,EQP_08
W0107,CLASS_07,STEP_010,EQP_08
W0107,CLASS_07,STEP_011,EQP_07
W0107,CLASS_07,STEP_012,EQP_09
W0107,CLASS_07,STEP_013,EQP_01
W0107,CLASS_07,STEP_014,EQP_00
W0107,CLASS_07,STEP_015,EQP_06
W0107,CLASS_07,STEP_016,EQP_05
W0107,CLASS_07,STEP_017,EQP_05
W0107,CLASS_07,STEP_018,EQP_01
W0107,CLASS_07,STEP_019,EQP_07
W0108,CLASS_03,STEP_000,EQP_09
W0108,CLASS_03,STEP_001,EQP_07
W0108,CLASS_03,STEP_002,EQP_09
W0108,CLASS_03,STEP_003,EQP_09
W0108,CLASS_03,STEP_004,EQP_08
W0108,CLASS_03,STEP_005,EQP_04
W0108,CLASS_03,STEP_006,EQP_02
W0108,CLASS_03,STEP_007,EQP_01
W0108,CLASS_03,STEP_008,EQP_02
W0108,CLASS_03,STEP_009,EQP_07
W0108,CLASS_03,STEP_010,EQP_03
W0108,CLASS_03,STEP_011,EQP_04
W0108,CLASS_03,STEP_012,EQP_06
W0108,CLASS_03,STEP_013,EQP_08
W0108,CLASS_03,STEP_014,EQP_04
W0108,CLASS_03,STEP_015,EQP_02
W0108,CLASS_03,STEP_016,EQP_01
W0108,CLASS_03,STEP_017,EQP_06
W0108,CLASS_03,STEP_018,EQP_02
W0108,CLASS_03,STEP_019,EQP_07
W0109,CLASS_00,STEP_000,EQP_07
W0109,CLASS_00,STEP_001,EQP_03
W0109,CLASS_00,STEP_002,EQP_04
W0109,CLASS_00,STEP_003,EQP_07
W0109,CLASS_00,STEP_004,EQP_04
W0109,CLASS_00,STEP_005,EQP_02
W0109,CLASS_00,STEP_006,EQP_01
W0109,CLASS_00,STEP_007,EQP_09
W0109,CLASS_00,STEP_008,EQP_08
W0109,CLASS_00,STEP_009,EQP_09
W0109,CLASS_00,STEP_010,EQP_00
W0109,CLASS_00,STEP_011,EQP_08
W0109,CLASS_00,STEP_012,EQP_02
W0109,CLASS_00,STEP_013,EQP_07
W0109,CLASS_00,STEP_014,EQP_02
W0109,CLASS_00,STEP_015,EQP_07
W0109,CLASS_00,STEP_016,EQP_02
W0109,CLASS_00,STEP_017,EQP_01
W0109,CLASS_00,STEP_018,EQP_09
W0109,CLASS_00,STEP_019,EQP_02
W0110,CLASS_06,STEP_000,EQP_00
W0110,CLASS_06,STEP_001,EQP_02
W0110,CLASS_06,STEP_002,EQP_06
W0110,CLASS_06,STEP_003,EQP_02
W0110,CLASS_06,STEP_004,EQP_09
W0110,CLASS_06,STEP_005,EQP_06
W0110,CLASS_06,STEP_006,EQP_05
W0110,CLASS_06,STEP_007,EQP_05
W0110,CLASS_06,STEP_008,EQP_06
W0110,CLASS_06,STEP_009,EQP_06
W0110,CLASS_06,STEP_010,EQP_08
W0110,CLASS_06,STEP_011,EQP_01
W0110,CLASS_06,STEP_012,EQP_08
W0110,CLASS_06,STEP_013,EQP_04
W0110,CLASS_06,STEP_014,EQP_09
W0110,CLASS_06,STEP_015,EQP_05
W0110,CLASS_06,STEP_016,EQP_01
W0110,CLASS_06,STEP_017,EQP_04
W0110,CLASS_06,STEP_018,EQP_04
W0110,CLASS_06,STEP_019,EQP_04
W0111,CLASS_05,STEP_000,EQP_05
W0111,CLASS_05,STEP_001,EQP_01
W0111,CLASS_05,STEP_002,EQP_08
W0111,CLASS_05,STEP_003,EQP_04
W0111,CLASS_05,STEP_004,EQP_05
W0111,CLASS_05,STEP_005,EQP_05
W0111,CLASS_05,STEP_006,EQP_04
W0111,CLASS_05,STEP_007,EQP_03
W0111,CLASS_05,STEP_008,EQP_07
W0111,CLASS_05,STEP_009,EQP_09
W0111,CLASS_05,STEP_010,EQP_09
W0111,CLASS_05,STEP_011,EQP_07
W0111,CLASS_05,STEP_012,EQP_01
W0111,CLASS_05,STEP_013,EQP_05
W0111,CLASS_05,STEP_014,EQP_07
W0111,CLASS_05,STEP_015,EQP_04
W0111,CLASS_05,STEP_016,EQP_06
W0111,CLASS_05,STEP_017,EQP_01
W0111,CLASS_05,STEP_018,EQP_05
W0111,CLASS_05,STEP_019,EQP_08
W0112,CLASS_08,STEP_000,EQP_06
W0112,CLASS_08,STEP_001,EQP_02
W0112,CLASS_08,STEP_002,EQP_06
W0112,CLASS_08,STEP_003,EQP_03
W0112,CLASS_08,STEP_004,EQP_06
W0112,CLASS_08,STEP_005,EQP_07
W0112,CLASS_08,STEP_006,EQP_08
W0112,CLASS_08,STEP_007,EQP_01
W0112,CLASS_08,STEP_008,EQP_05
W0112,CLASS_08,STEP_009,EQP_06
W0112,CLASS_08,STEP_010,EQP_02
W0112,CLASS_08,STEP_011,EQP_04
W0112,CLASS_08,STEP_012,EQP_05
W0112,CLASS_08,STEP_013,EQP_07
W0112,CLASS_08,STEP_014,EQP_02
W0112,CLASS_08,STEP_015,EQP_09
W0112,CLASS_08,STEP_016,EQP_02
W0112,CLASS_08,STEP_017,EQP_07
W0112,CLASS_08,STEP_018,EQP_05
W0112,CLASS_08,STEP_019,EQP_08
W0113,CLASS_06,STEP_000,EQP_02
W0113,CLASS_06,STEP_001,EQP_05
W0113,CLASS_06,STEP_002,EQP_07
W0113,CLASS_06,STEP_003,EQP_02
W0113,CLASS_06,STEP_004,EQP_03
W0113,CLASS_06,STEP_005,EQP_09
W0113,CLASS_06,STEP_006,EQP_09
W0113,CLASS_06,STEP_007,EQP_04
W0113,CLASS_06,STEP_008,EQP_03
W0113,CLASS_06,STEP_009,EQP_04
W0113,CLASS_06,STEP_010,EQP_01
W0113,CLASS_06,STEP_011,EQP_03
W0113,CLASS_06,STEP_012,EQP_03
W0113,CLASS_06,STEP_013,EQP_07
W0113,CLASS_06,STEP_014,EQP_05
W0113,CLASS_06,STEP_015,EQP_08
W0113,CLASS_06,STEP_016,EQP_09
W0113,CLASS_06,STEP_017,EQP_07
W0113,CLASS_06,STEP_018,EQP_02
W0113,CLASS_06,STEP_019,EQP_01
W0114,CLASS_02,STEP_000,EQP_09
W0114,CLASS_02,STEP_001,EQP_09
W0114,CLASS_02,STEP_002,EQP_05
W0114,CLASS_02,STEP_003,EQP_01
W0114,CLASS_02,STEP_004,EQP_00
W0114,CLASS_02,STEP_005,EQP_05
W0114,CLASS_02,STEP_006,EQP_01
W0114,CLASS_02,STEP_007,EQP_03
W0114,CLASS_02,STEP_008,EQP_05
W0114,CLASS_02,STEP_009,EQP_00
W0114,CLASS_02,STEP_010,EQP_09
W0114,CLASS_02,STEP_011,EQP_04
W0114,CLASS_02,STEP_012,EQP_03
W0114,CLASS_02,STEP_013,EQP_03
W0114,CLASS_02,STEP_014,EQP_05
W0114,CLASS_02,STEP_015,EQP_03
W0114,CLASS_02,STEP_016,EQP_09
W0114,CLASS_02,STEP_017,EQP_07
W0114,CLASS_02,STEP_018,EQP_02
W0114,CLASS_02,STEP_019,EQP_08
W0115,CLASS_08,STEP_000,EQP_08
W0115,CLASS_08,STEP_001,EQP_02
W0115,CLASS_08,STEP_002,EQP_06
W0115,CLASS_08,STEP_003,EQP_03
W0115,CLASS_08,STEP_004,EQP_07
W0115,CLASS_08,STEP_005,EQP_03
W0115,CLASS_08,STEP_006,EQP_08
W0115,CLASS_08,STEP_007,EQP_05
W0115,CLASS_08,STEP_008,EQP_03
W0115,CLASS_08,STEP_009,EQP_09
W0115,CLASS_08,STEP_010,EQP_06
W0115,CLASS_08,STEP_011,EQP_09
W0115,CLASS_08,STEP_012,EQP_07
W0115,CLASS_08,STEP_013,EQP_07
W0115,CLASS_08,STEP_014,EQP_03
W0115,CLASS_08,STEP_015,EQP_00
W0115,CLASS_08,STEP_016,EQP_06
W0115,CLASS_08,STEP_017,EQP_04
W0115,CLASS_08,STEP_018,EQP_05
W0115,CLASS_08,STEP_019,EQP_05
W0116,CLASS_05,STEP_000,EQP_04
W0116,CLASS_05,STEP_001,EQP_09
W0116,CLASS_05,STEP_002,EQP_05
W0116,CLASS_05,STEP_003,EQP_04
W0116,CLASS_05,STEP_004,EQP_03
W0116,CLASS_05,STEP_005,EQP_07
W0116,CLASS_05,STEP_006,EQP_03
W0116,CLASS_05,STEP_007,EQP_03
W0116,CLASS_05,STEP_008,EQP_01
W0116,CLASS_05,STEP_009,EQP_02
W0116,CLASS_05,STEP_010,EQP_01
W0116,CLASS_05,STEP_011,EQP_01
W0116,CLASS_05,STEP_012,EQP_08
W0116,CLASS_05,STEP_013,EQP_00
W0116,CLASS_05,STEP_014,EQP_05
W0116,CLASS_05,STEP_015,EQP_04
W0116,CLASS_05,STEP_016,EQP_09
W0116,CLASS_05,STEP_017,EQP_03
W0116,CLASS_05,STEP_018,EQP_05
W0116,CLASS_05,STEP_019,EQP_01
W0117,CLASS_04,STEP_000,EQP_05
W0117,CLASS_04,STEP_001,EQP_07
W0117,CLASS_04,STEP_002,EQP_02
W0117,CLASS_04,STEP_003,EQP_05
W0117,CLASS_04,STEP_004,EQP_08
W0117,CLASS_04,STEP_005,EQP_05
W0117,CLASS_04,STEP_006,EQP_09
W0117,CLASS_04,STEP_007,EQP_02
W0117,CLASS_04,STEP_008,EQP_01
W0117,CLASS_04,STEP_009,EQP_02
W0117,CLASS_04,STEP_010,EQP_04
W0117,CLASS_04,STEP_011,EQP_08
W0117,CLASS_04,STEP_012,EQP_09
W0117,CLASS_04,STEP_013,EQP_05
W0117,CLASS_04,STEP_014,EQP_00
W0117,CLASS_04,STEP_015,EQP_02
W0117,CLASS_04,STEP_016,EQP_00
W0117,CLASS_04,STEP_017,EQP_02
W0117,CLASS_04,STEP_018,EQP_00
W0117,CLASS_04,STEP_019,EQP_05
W0118,CLASS_02,STEP_000,EQP_01
W0118,CLASS_02,STEP_001,EQP_09
W0118,CLASS_02,STEP_002,EQP_02
W0118,CLASS_02,STEP_003,EQP_01
W0118,CLASS_02,STEP_004,EQP_01
W0118,CLASS_02,STEP_005,EQP_04
W0118,CLASS_02,STEP_006,EQP_05
W0118,CLASS_02,STEP_007,EQP_05
W0118,CLASS_02,STEP_008,EQP_07
W0118,CLASS_02,STEP_009,EQP_07
W0118,CLASS_02,STEP_010,EQP_06
W0118,CLASS_02,STEP_011,EQP_08
W0118,CLASS_02,STEP_012,EQP_00
W0118,CLASS_02,STEP_013,EQP_02
W0118,CLASS_02,STEP_014,EQP_06
W0118,CLASS_02,STEP_015,EQP_08
W0118,CLASS_02,STEP_016,EQP_02
W0118,CLASS_02,STEP_017,EQP_04
W0118,CLASS_02,STEP_018,EQP_01
W0118,CLASS_02,STEP_019,EQP_05
W0119,CLASS_08,STEP_000,EQP_05
W0119,CLASS_08,STEP_001,EQP_06
W0119,CLASS_08,STEP_002,EQP_00
W0119,CLASS_08,STEP_003,EQP_03
W0119,CLASS_08,STEP_004,EQP_07
W0119,CLASS_08,STEP_005,EQP_07
W0119,CLASS_08,STEP_006,EQP_06
W0119,CLASS_08,STEP_007,EQP_04
W0119,CLASS_08,STEP_008,EQP_04
W0119,CLASS_08,STEP_009,EQP_03
W0119,CLASS_08,STEP_010,EQP_08
W0119,CLASS_08,STEP_011,EQP_08
W0119,CLASS_08,STEP_012,EQP_04
W0119,CLASS_08,STEP_013,EQP_01
W0119,CLASS_08,STEP_014,EQP_09
W0119,CLASS_08,STEP_015,EQP_01
W0119,CLASS_08,STEP_016,EQP_05
W0119,CLASS_08,STEP_017,EQP_00
W0119,CLASS_08,STEP_018,EQP_01
W0119,CLASS_08,STEP_019,EQP_09
