condition,n_datasets,rho,signal,missing,step_sensitivity,step_sensitivity_chi2,cell_recovery,cell_recovery_asr10,null_step_fpr,null_chi2_fpr,false_cells,mean_v_planted,max_v_null,mean_asr_planted,mean_n_per_step
baseline,20,0.0,0.7,0.0,1.0,1.0,1.0,1.0,0.0,0.05591397849462365,0.0,0.7038702054809042,0.1464254427521435,17.13690462888487,600.0
correlated routing rho=0.60,20,0.6,0.7,0.0,1.0,1.0,1.0,1.0,0.0,0.04516129032258065,0.0,0.7061242943812744,0.14745299816666185,17.172498082380933,600.0
correlated routing rho=0.85,20,0.85,0.7,0.0,1.0,1.0,1.0,1.0,0.0,0.0575268817204301,0.0,0.7081812141977111,0.14728483552129512,17.207468196096592,600.0
weak signal s=0.45,20,0.0,0.45,0.0,1.0,1.0,1.0,0.7442857142857141,0.0,0.05591397849462365,0.0,0.4590287162565489,0.1464254427521435,10.963325156312036,600.0
weak signal s=0.35,20,0.0,0.35,0.0,1.0,1.0,1.0,0.14857142857142855,0.0,0.05591397849462365,0.0,0.3647258262616874,0.1464254427521435,8.528412078103287,600.0
very weak signal s=0.25,20,0.0,0.25,0.0,0.09999999999999998,1.0,0.09857142857142856,0.002142857142857143,0.0,0.05591397849462365,0.0,0.2740981993504655,0.1464254427521435,7.0287235802101895,600.0
missing 20%,20,0.0,0.7,0.2,1.0,1.0,1.0,1.0,0.0,0.04838709677419355,0.0,0.7063273783852871,0.16445198935803723,15.394615675488263,480.28249999999997
missing 40%,20,0.0,0.7,0.4,1.0,1.0,1.0,0.9928571428571429,0.0,0.0521505376344086,0.0,0.7069243735889518,0.18842541546133615,13.308761567753189,360.111
"combined rho=0.60, s=0.35, 20% missing",20,0.6,0.35,0.2,0.9928571428571429,1.0,0.9907142857142859,0.08357142857142856,0.0,0.05161290322580645,0.0,0.3759545205013635,0.16446519672907228,7.804605914128854,480.28249999999997
